/*
MySQL Data Transfer
Source Host: localhost
Source Database: baguage
Target Host: localhost
Target Database: baguage
Date: 11/01/2010 08:33:22
*/

SET FOREIGN_KEY_CHECKS=0;
-- ----------------------------
-- Table structure for capture
-- ----------------------------
CREATE TABLE `capture` (
  `REF_CAPTURE` varchar(50) NOT NULL,
  `ACTION` varchar(1) DEFAULT NULL,
  `CENTRE` varchar(3) DEFAULT NULL,
  `BAGUE` varchar(50) DEFAULT NULL,
  `ESPECE` varchar(6) DEFAULT NULL,
  `HEURE` datetime DEFAULT NULL,
  `AGE` varchar(3) DEFAULT NULL,
  `SEXE` varchar(2) DEFAULT NULL,
  `CS` varchar(50) DEFAULT NULL,
  `LP` double DEFAULT NULL,
  `AD` int(11) DEFAULT NULL,
  `MA` double DEFAULT NULL,
  `PC` int(11) DEFAULT NULL,
  `PI` int(11) DEFAULT NULL,
  `COND REPR` int(11) DEFAULT NULL,
  `CIRC REPR` int(11) DEFAULT NULL,
  `MEMO` varchar(200) DEFAULT NULL,
  `ID_SG` varchar(50) DEFAULT NULL,
  `ID_SCRIPT` varchar(50) DEFAULT NULL,
  `ID_SESSION` int(11) DEFAULT NULL,
  `IMPORTER` tinyint(4) DEFAULT NULL,
  `CORRGER` tinyint(4) DEFAULT NULL,
  PRIMARY KEY (`REF_CAPTURE`),
  KEY `ESPECE` (`ESPECE`),
  KEY `ID_SG` (`ID_SG`),
  KEY `ID_SCRIPT` (`ID_SCRIPT`),
  KEY `ID_SESSION` (`ID_SESSION`),
  CONSTRAINT `capture_ibfk_1` FOREIGN KEY (`ESPECE`) REFERENCES `code_sp_crbpo` (`CODE_ESPECE`),
  CONSTRAINT `capture_ibfk_2` FOREIGN KEY (`ID_SG`) REFERENCES `personne` (`INITIAL_PERSONNE`),
  CONSTRAINT `capture_ibfk_3` FOREIGN KEY (`ID_SCRIPT`) REFERENCES `personne` (`INITIAL_PERSONNE`),
  CONSTRAINT `capture_ibfk_4` FOREIGN KEY (`ID_SESSION`) REFERENCES `session` (`REF_SESSION`)
) ENGINE=InnoDB DEFAULT CHARSET=latin1;

-- ----------------------------
-- Table structure for code_sp_crbpo
-- ----------------------------
CREATE TABLE `code_sp_crbpo` (
  `CODE_ESPECE` varchar(50) NOT NULL,
  `NOM_SCIENTIFIQUE` varchar(50) DEFAULT NULL,
  PRIMARY KEY (`CODE_ESPECE`),
  KEY `CODE_ESPECE` (`CODE_ESPECE`),
  KEY `CODE_SP_CRBPONOM_SCIENTIFIQUE` (`NOM_SCIENTIFIQUE`),
  CONSTRAINT `code_sp_crbpo_ibfk_1` FOREIGN KEY (`NOM_SCIENTIFIQUE`) REFERENCES `espece` (`NOM_SCIENTIFIQUE`)
) ENGINE=InnoDB DEFAULT CHARSET=latin1;

-- ----------------------------
-- Table structure for espece
-- ----------------------------
CREATE TABLE `espece` (
  `REF_ESPECE` int(11) NOT NULL AUTO_INCREMENT,
  `NOM_SCIENTIFIQUE` varchar(50) DEFAULT NULL,
  `NOM_FRANCAIS` varchar(50) DEFAULT NULL,
  `NOM_ANGLAIS` varchar(50) DEFAULT NULL,
  `FAMILLE` varchar(50) DEFAULT NULL,
  `GENRE` varchar(50) DEFAULT NULL,
  `CATEGORIE` varchar(50) DEFAULT NULL,
  `REPRODUCTION` varchar(50) DEFAULT NULL,
  `MIGRATION` varchar(50) DEFAULT NULL,
  `HIVERNAGE` varchar(50) DEFAULT NULL,
  `PHOTO` varchar(50) DEFAULT NULL,
  PRIMARY KEY (`REF_ESPECE`),
  KEY `ESPECENOM_SCIENTIFIQUE` (`NOM_SCIENTIFIQUE`)
) ENGINE=InnoDB AUTO_INCREMENT=944 DEFAULT CHARSET=latin1;

-- ----------------------------
-- Table structure for lieu
-- ----------------------------
CREATE TABLE `lieu` (
  `REF_LIEU` int(11) NOT NULL AUTO_INCREMENT,
  `PAYS` varchar(50) DEFAULT NULL,
  `DEPT` int(11) DEFAULT NULL,
  `LOCALITE` varchar(50) DEFAULT NULL,
  `LIEUDIT` varchar(50) DEFAULT NULL,
  PRIMARY KEY (`REF_LIEU`)
) ENGINE=InnoDB AUTO_INCREMENT=4 DEFAULT CHARSET=latin1;

-- ----------------------------
-- Table structure for personne
-- ----------------------------
CREATE TABLE `personne` (
  `REF_PERSONNE` int(11) NOT NULL AUTO_INCREMENT,
  `INITIAL_PERSONNE` varchar(50) DEFAULT NULL,
  `NOM` varchar(50) DEFAULT NULL,
  `PRENOM` varchar(50) DEFAULT NULL,
  `EMAIL` varchar(50) DEFAULT NULL,
  `TELEPHONE` varchar(50) DEFAULT NULL,
  `BAGUEUR` tinyint(4) DEFAULT NULL,
  PRIMARY KEY (`REF_PERSONNE`),
  UNIQUE KEY `INITIAL_PERSONNE` (`INITIAL_PERSONNE`)
) ENGINE=InnoDB AUTO_INCREMENT=3 DEFAULT CHARSET=latin1;

-- ----------------------------
-- Table structure for programme
-- ----------------------------
CREATE TABLE `programme` (
  `REF_PROGRAMME` int(11) NOT NULL AUTO_INCREMENT,
  `THEME` varchar(50) DEFAULT NULL,
  `ID_LIEU` int(11) DEFAULT NULL,
  `BAGUEUR` varchar(50) DEFAULT NULL,
  PRIMARY KEY (`REF_PROGRAMME`),
  KEY `ID_LIEU` (`ID_LIEU`),
  CONSTRAINT `programme_ibfk_1` FOREIGN KEY (`ID_LIEU`) REFERENCES `lieu` (`REF_LIEU`)
) ENGINE=InnoDB AUTO_INCREMENT=4 DEFAULT CHARSET=latin1;

-- ----------------------------
-- Table structure for session
-- ----------------------------
CREATE TABLE `session` (
  `REF_SESSION` int(11) NOT NULL AUTO_INCREMENT,
  `DATE` datetime DEFAULT NULL,
  `PAYS` varchar(50) DEFAULT NULL,
  `ID_PROGRAMME` int(11) DEFAULT NULL,
  `HS` datetime DEFAULT NULL,
  `HEURE_FERMETURE` datetime DEFAULT NULL,
  `FS` int(11) DEFAULT NULL,
  `CONDITION_METEO` varchar(50) DEFAULT NULL,
  PRIMARY KEY (`REF_SESSION`),
  KEY `ID_PROGRAMME` (`ID_PROGRAMME`),
  CONSTRAINT `session_ibfk_1` FOREIGN KEY (`ID_PROGRAMME`) REFERENCES `programme` (`REF_PROGRAMME`)
) ENGINE=InnoDB AUTO_INCREMENT=9 DEFAULT CHARSET=latin1;

-- ----------------------------
-- Procedure structure for CRBPO_DATA_SEND
-- ----------------------------
DELIMITER ;;
CREATE DEFINER=`root`@`localhost` PROCEDURE `CRBPO_DATA_SEND`()
begin
SELECT
CAPTURE.CENTRE, 
PROGRAMME.BAGUEUR, 
CAPTURE.BAGUE, 
CAPTURE.`ACTION`,
 CAPTURE.ESPECE, 
SESSION.`DATE`, 
CAPTURE.HEURE, 
LIEU.PAYS, 
LIEU.DEPT, 
LIEU.LOCALITE, 
CAPTURE.SEXE, 
CAPTURE.AGE, 
PROGRAMME.THEME, 
CAPTURE.`COND REPR`, 
CAPTURE.`CIRC REPR`, 
CAPTURE.CS, 
CAPTURE.LP, 
CAPTURE.AD,
CAPTURE.MA, 
CAPTURE.PC, 
CAPTURE.`PI`, 
LIEU.LIEUDIT, 
SESSION.HS, 
SESSION.FS
FROM 
	((LIEU RIGHT JOIN 	PROGRAMME ON LIEU.REF_LIEU = PROGRAMME.ID_LIEU) RIGHT JOIN 
		SESSION ON PROGRAMME.REF_PROGRAMME = SESSION.ID_PROGRAMME) RIGHT JOIN CAPTURE ON SESSION.REF_SESSION = CAPTURE.ID_SESSION;

end;;
DELIMITER ;

-- ----------------------------
-- Records 
-- ----------------------------
INSERT INTO `capture` VALUES ('02/11/2007_10B', 'B', 'FRP', '5631847', 'PARCAE', '1899-12-30 08:00:00', '1A', 'F', 'DC', '61', '1', '9.60000038146973', null, null, null, null, null, null, 'SB', '3', '1', '0');
INSERT INTO `capture` VALUES ('02/11/2007_11B', 'B', 'FRP', '5631848', 'PARMAJ', '1899-12-30 08:00:00', '+1A', 'M', 'DC', '75', '1', '17.2999992370605', null, null, null, null, null, null, 'SB', '3', '1', '0');
INSERT INTO `capture` VALUES ('02/11/2007_12B', 'B', 'FRP', '5631849', 'PARCAE', '1899-12-30 09:15:00', '+1A', 'M?', 'DC', '70', null, '10.8999996185303', null, null, null, null, null, 'SB', 'RL', '3', '1', '0');
INSERT INTO `capture` VALUES ('02/11/2007_13B', 'B', 'FRP', '5631850', 'PARCAE', '1899-12-30 09:15:00', '+1A', 'M', 'DC', '67', '1', '11', null, null, null, null, null, 'SB', 'RL', '3', '1', '0');
INSERT INTO `capture` VALUES ('02/11/2007_14B', 'B', 'FRP', '5631851', 'PARCAE', '1899-12-30 09:15:00', '1A', 'M?', 'DC', '64', null, '10.3000001907349', null, null, null, null, null, 'SB', 'RL', '3', '1', '0');
INSERT INTO `capture` VALUES ('02/11/2007_15B', 'B', 'FRP', '5631852', 'PARCAE', '1899-12-30 09:15:00', '1A', 'M?', 'DC', '67', '1', '11.5', null, null, null, null, null, 'SB', 'RL', '3', '1', '0');
INSERT INTO `capture` VALUES ('02/11/2007_16B', 'B', 'FRP', '5631853', 'PARCAE', '1899-12-30 09:15:00', '+1A', 'M', 'DC', '64', '1', '10.6999998092651', null, null, null, null, null, 'SB', 'RL', '3', '1', '0');
INSERT INTO `capture` VALUES ('02/11/2007_17B', 'B', 'FRP', '5631854', 'PARMAJ', '1899-12-30 10:00:00', '1A', 'M', 'DC', '76.5', '1', '17.2000007629395', null, null, null, null, null, null, 'SB', '3', '1', '0');
INSERT INTO `capture` VALUES ('02/11/2007_18B', 'B', 'FRP', '5631855', 'PARMAJ', '1899-12-30 10:00:00', '+1?', 'M', 'DC', '77', '1', '17.2000007629395', null, null, null, null, null, null, 'SB', '3', '1', '0');
INSERT INTO `capture` VALUES ('02/11/2007_19B', 'B', 'FRP', '5631856', 'PARMAJ', '1899-12-30 10:00:00', '1A', 'M', 'DC', '74', '1', '18.2000007629395', null, null, null, null, null, null, 'SB', '3', '1', '0');
INSERT INTO `capture` VALUES ('02/11/2007_1B', 'B', 'FRP', '5631838', 'ERIRUB', '1899-12-30 07:30:00', '+1A', '?', null, '76.5', '1', '17.7999992370605', null, null, null, null, null, null, 'SB', '3', '1', '0');
INSERT INTO `capture` VALUES ('02/11/2007_20B', 'B', 'FRP', '5631857', 'PARMAJ', '1899-12-30 11:10:00', '1A', 'F', 'DC', '74', '1', '16.6000003814697', null, null, null, null, null, null, 'SL', '3', '1', '0');
INSERT INTO `capture` VALUES ('02/11/2007_21B', 'B', 'FRP', 'SC126903', 'SITEUR', '1899-12-30 10:15:00', '1A', 'M?', 'DC', '87', '1', '23.7000007629395', null, null, null, null, null, null, 'SB', '3', '1', '0');
INSERT INTO `capture` VALUES ('02/11/2007_22C', 'C', 'FRP', '5631819', 'PARPAL', '1899-12-30 08:00:00', '1A?', '?', null, null, null, null, null, null, '8', '20', null, null, 'SB', '3', '1', '0');
INSERT INTO `capture` VALUES ('02/11/2007_23C', 'C', 'FRP', '5631820', 'PARCAE', '1899-12-30 08:00:00', '1A', 'F', 'DC', null, null, null, null, null, '8', '20', null, null, 'SB', '3', '1', '0');
INSERT INTO `capture` VALUES ('02/11/2007_24C', 'C', 'FRP', '5631813', 'PARCAE', '1899-12-30 08:00:00', '1A', 'F', 'DC', '61', '1', '9.60000038146973', null, null, '8', '20', null, null, 'SB', '3', '1', '0');
INSERT INTO `capture` VALUES ('02/11/2007_25C', 'C', 'FRP', '5631835', 'PARCAE', '1899-12-30 08:00:00', '1A', 'M', 'DC', '65', '1', '11', null, null, '8', '20', null, null, 'SB', '3', '1', '0');
INSERT INTO `capture` VALUES ('02/11/2007_26C', 'C', 'FRP', '5631821', 'PARPAL', '1899-12-30 08:00:00', '1A', '?', null, '64', '1', '10.1999998092651', null, null, '8', '20', null, null, 'SB', '3', '1', '0');
INSERT INTO `capture` VALUES ('02/11/2007_27C', 'C', 'FRP', '5631815', 'PARCAE', '1899-12-30 08:00:00', '1A', 'M', 'DC', '65', '1', '11', null, null, '8', '20', null, null, 'SB', '3', '1', '0');
INSERT INTO `capture` VALUES ('02/11/2007_28C', 'C', 'FRP', '5631824', 'PARCAE', '1899-12-30 08:00:00', '1A', 'M?', 'DC', '66', '1', '10.6000003814697', null, null, '8', '20', null, null, 'SB', '3', '1', '0');
INSERT INTO `capture` VALUES ('02/11/2007_29C', 'C', 'FRP', '5631837', 'PARCRI', '1899-12-30 08:00:00', '+1A', 'M', 'DC', '62.5', '1', '11.3999996185303', null, null, '8', '20', null, null, 'SB', '3', '1', '0');
INSERT INTO `capture` VALUES ('02/11/2007_2B', 'B', 'FRP', '5631839', 'PARCAE', '1899-12-30 08:00:00', '1A', 'M', 'DC', '66.5', '1', '10.3000001907349', null, null, null, null, null, null, 'SB', '3', '1', '0');
INSERT INTO `capture` VALUES ('02/11/2007_30C', 'C', 'FRP', '5631814', 'PARMAJ', '1899-12-30 09:15:00', '1A?', 'M', 'DC', '73', '1', '18.2000007629395', null, null, '8', '20', null, 'SB', 'RL', '3', '1', '0');
INSERT INTO `capture` VALUES ('02/11/2007_31C', 'C', 'FRP', '5631819', 'PARPAL', '1899-12-30 11:10:00', '1A', '?', null, '61', null, '10.1000003814697', null, null, '8', '20', null, null, 'SL', '3', '1', '0');
INSERT INTO `capture` VALUES ('02/11/2007_3B', 'B', 'FRP', '5631840', 'PARCAE', '1899-12-30 08:00:00', '1A', 'F', 'DC', '62', '1', '9.89999961853027', null, null, null, null, null, null, 'SB', '3', '1', '0');
INSERT INTO `capture` VALUES ('02/11/2007_4B', 'B', 'FRP', '5631841', 'PARCAE', '1899-12-30 08:00:00', '+1A', 'F', 'DC', '63', '1', '10', null, null, null, null, null, null, 'SB', '3', '1', '0');
INSERT INTO `capture` VALUES ('02/11/2007_5B', 'B', 'FRP', '5631842', 'PARCAE', '1899-12-30 08:00:00', '1A', 'M?', 'DC', '67', '1', '11.1000003814697', null, null, null, null, null, null, 'SB', '3', '1', '0');
INSERT INTO `capture` VALUES ('02/11/2007_6B', 'B', 'FRP', '5631843', 'PARMAJ', '1899-12-30 08:00:00', '1A', 'M', 'DC', '73', '1', '17.1000003814697', null, null, null, null, null, null, 'SB', '3', '1', '0');
INSERT INTO `capture` VALUES ('02/11/2007_7B', 'B', 'FRP', '5631844', 'PARMAJ', '1899-12-30 08:00:00', '1A', 'F', 'DC', '75', '1', '16.8999996185303', null, null, null, null, null, null, 'SB', '3', '1', '0');
INSERT INTO `capture` VALUES ('02/11/2007_8B', 'B', 'FRP', '5631845', 'PARCAE', '1899-12-30 08:00:00', '+1A', 'M', 'DC', '69.5', '1', '10.3999996185303', null, null, null, null, null, null, 'SB', '3', '1', '0');
INSERT INTO `capture` VALUES ('02/11/2007_9B', 'B', 'FRP', '5631846', 'PARCAE', '1899-12-30 08:00:00', '1A', 'F', 'DC', '65', '1', '10.8000001907349', null, null, null, null, null, null, 'SB', '3', '1', '0');
INSERT INTO `capture` VALUES ('12/01/2008_1C', 'C', 'FRP', '5631887', 'PARCAE', '1899-12-30 09:00:00', '2A', 'M', 'DC', '66', '1', '11.8999996185303', '0', '0', '8', '20', null, null, 'RL', '7', '0', '0');
INSERT INTO `capture` VALUES ('12/01/2008_2C', 'C', 'FRP', '5631858', 'ERIRUB', '1899-12-30 09:30:00', '+2A', '?', null, '73', '1', '18.7000007629395', null, '0', '8', '20', 'PATE GAUCHE M? PC?', null, 'RL', '7', '0', '0');
INSERT INTO `capture` VALUES ('12/01/2008_3C', 'C', 'FRP', '5631830', 'PARCRI', '1899-12-30 11:00:00', '2A', 'M?', 'DC', '62', '1', '10.1999998092651', '0', '0', '8', '20', null, null, 'RL', '7', '0', '0');
INSERT INTO `capture` VALUES ('12/01/2008_4C', 'C', 'FRP', '5631837', 'PARCRI', '1899-12-30 11:00:00', '+2A', 'M?', null, '67', '1', '11.3999996185303', '0', '0', '8', '20', null, null, 'RL', '7', '0', '0');
INSERT INTO `capture` VALUES ('12/01/2008_5B', 'B', 'FRP', '5631898', 'PARCAE', '1899-12-30 11:30:00', '+2A', 'M?', 'DC', '62', '1', '9.69999980926514', '0', '0', null, null, null, null, 'RL', '7', '0', '0');
INSERT INTO `capture` VALUES ('13/10/2007_10B', 'B', 'FRP', 'RK7710', 'AEGCAU', '1899-12-30 15:30:00', 'VOL', '?', null, '59', '1', '7.40000009536743', '0', '0', null, null, null, null, 'SB', '1', '1', '0');
INSERT INTO `capture` VALUES ('13/10/2007_11B', 'B', 'FRP', 'RK7711', 'AEGCAU', '1899-12-30 15:30:00', 'VOL', '?', null, '59.5', '1', '7.80000019073486', '0', '0', null, null, null, null, 'SB', '1', '1', '0');
INSERT INTO `capture` VALUES ('13/10/2007_12B', 'B', 'FRP', 'RK7712', 'AEGCAU', '1899-12-30 15:30:00', 'VOL', '?', null, '60', '1', '7.09999990463257', '0', '0', null, null, null, null, 'SB', '1', '1', '0');
INSERT INTO `capture` VALUES ('13/10/2007_13B', 'B', 'FRP', 'RK7713', 'AEGCAU', '1899-12-30 15:30:00', 'VOL', '?', null, '62', '1', '7.19999980926514', '0', '0', null, null, null, null, 'SB', '1', '1', '0');
INSERT INTO `capture` VALUES ('13/10/2007_14B', 'B', 'FRP', 'RK7714', 'PHYCOL', '1899-12-30 15:30:00', '1A?', '?', null, '61', '1', '7.69999980926514', '0', '0', null, null, null, null, 'SB', '1', '1', '0');
INSERT INTO `capture` VALUES ('13/10/2007_15B', 'B', 'FRP', 'RK7715', 'AEGCAU', '1899-12-30 15:30:00', 'VOL', '?', null, '59', '1', '7.40000009536743', '0', '0', null, null, null, null, 'SB', '1', '1', '0');
INSERT INTO `capture` VALUES ('13/10/2007_16B', 'B', 'FRP', 'RK7716', 'AEGCAU', '1899-12-30 15:30:00', 'VOL', '?', null, '60', '1', '7', '0', '0', null, null, null, null, 'SB', '1', '1', '0');
INSERT INTO `capture` VALUES ('13/10/2007_17B', 'B', 'FRP', 'RK7717', 'AEGCAU', '1899-12-30 15:30:00', 'VOL', '?', null, '63', '1', '7.90000009536743', '0', '0', null, null, null, null, 'SB', '1', '1', '0');
INSERT INTO `capture` VALUES ('13/10/2007_18B', 'B', 'FRP', '5631801', 'ERIRUB', '1899-12-30 08:15:00', '+1A', '?', null, '74', '1', '17.2000007629395', '0', '0', null, null, null, null, 'SB', '1', '1', '0');
INSERT INTO `capture` VALUES ('13/10/2007_19B', 'B', 'FRP', '5631802', 'ERIRUB', '1899-12-30 08:15:00', '1A', '?', null, '70', '1', '15.3999996185303', '0', '0', null, null, null, null, 'SB', '1', '1', '0');
INSERT INTO `capture` VALUES ('13/10/2007_1B', 'B', 'FRP', 'RK7701', 'PHYCOL', '1899-12-30 12:30:00', '1A', '?', null, '61.5', '1', '7.69999980926514', '0', '0', null, null, null, null, 'SB', '1', '1', '0');
INSERT INTO `capture` VALUES ('13/10/2007_20B', 'B', 'FRP', '5631803', 'ERIRUB', '1899-12-30 08:15:00', '+1A', '?', null, '71', '2', '17.3999996185303', '0', '0', null, null, null, null, 'SB', '1', '1', '0');
INSERT INTO `capture` VALUES ('13/10/2007_21B', 'B', 'FRP', '5631804', 'PARMAJ', '1899-12-30 08:45:00', '1A', 'F', 'DC', '75', '1', '16', '0', '0', null, null, null, null, 'SB', '1', '1', '0');
INSERT INTO `capture` VALUES ('13/10/2007_22B', 'B', 'FRP', '5631805', 'PARMAJ', '1899-12-30 11:30:00', '1A', 'F', 'DC', '71', '1', '15.3000001907349', '0', '0', null, null, null, null, 'SB', '1', '1', '0');
INSERT INTO `capture` VALUES ('13/10/2007_23B', 'B', 'FRP', '5631806', 'SYLATR', '1899-12-30 11:30:00', '1A?', 'M', 'DC', '72', '3', '20.6000003814697', '0', '0', null, null, null, null, 'SB', '1', '1', '0');
INSERT INTO `capture` VALUES ('13/10/2007_24B', 'B', 'FRP', '5631807', 'ERIRUB', '1899-12-30 12:45:00', '+1A', '?', null, '76', '1', '18.5', '0', '0', null, null, null, null, 'SB', '1', '1', '0');
INSERT INTO `capture` VALUES ('13/10/2007_25B', 'B', 'FRP', '5631808', 'SYLATR', '1899-12-30 15:30:00', '1A', 'M', 'DC', '77', '1', '20', '0', '0', null, null, null, null, 'SB', '1', '1', '0');
INSERT INTO `capture` VALUES ('13/10/2007_26B', 'B', 'FRP', '5631809', 'PARCAE', '1899-12-30 15:30:00', '1A', 'M', 'DC', '67', '1', '12.5', '0', '0', null, null, null, null, 'SB', '1', '1', '0');
INSERT INTO `capture` VALUES ('13/10/2007_27B', 'B', 'FRP', '5631810', 'PARCAE', '1899-12-30 15:30:00', '+1A', 'M', 'DC', '65', '1', '10.3000001907349', '0', '0', null, null, null, null, 'SB', '1', '1', '0');
INSERT INTO `capture` VALUES ('13/10/2007_28B', 'B', 'FRP', '5631811', 'PARCAE', '1899-12-30 15:30:00', '1A', 'M?', 'DC', '68', '2', '12.1000003814697', '0', '0', null, null, null, null, 'SB', '1', '1', '0');
INSERT INTO `capture` VALUES ('13/10/2007_29B', 'B', 'FRP', 'SC126901', 'PASDOM', '1899-12-30 12:45:00', 'VOL', 'M', 'DC', '77', '1', '29', '0', '0', null, null, null, null, 'SB', '1', '1', '0');
INSERT INTO `capture` VALUES ('13/10/2007_2B', 'B', 'FRP', 'RK7702', 'AEGCAU', '1899-12-30 13:30:00', '1A?', '?', null, '65.5', '1', '8.10000038146973', '0', '0', null, null, null, null, 'SB', '1', '1', '0');
INSERT INTO `capture` VALUES ('13/10/2007_30B', 'B', 'FRP', 'SC126902', 'PASDOM', '1899-12-30 13:00:00', 'VOL', 'M', 'DC', '77.5', '1', null, '0', '0', null, null, null, null, 'SB', '1', '1', '0');
INSERT INTO `capture` VALUES ('13/10/2007_31B', 'B', 'FRP', 'GH119321', 'TURMER', '1899-12-30 08:45:00', '1A', 'F', 'DC', '123', '1', '87.5', '0', '0', null, null, null, null, 'SB', '1', '1', '0');
INSERT INTO `capture` VALUES ('13/10/2007_32B', 'B', 'FRP', 'GH119322', 'TURMER', '1899-12-30 08:45:00', '1A', 'M', 'DC', '127', '1', '87', '0', '0', null, null, null, null, 'SB', '1', '1', '0');
INSERT INTO `capture` VALUES ('13/10/2007_33B', 'B', 'FRP', 'GH119323', 'TURMER', '1899-12-30 08:45:00', '1A', 'M', 'DC', '124', '1', '93', '0', '0', null, null, null, null, 'SB', '1', '1', '0');
INSERT INTO `capture` VALUES ('13/10/2007_34B', 'B', 'FRP', 'GH119324', 'TURMER', '1899-12-30 14:00:00', '+1A', 'M', 'DC', '128', '1', '88.0999984741211', '0', '0', null, null, null, null, 'SB', '1', '1', '0');
INSERT INTO `capture` VALUES ('13/10/2007_35B', 'B', 'FRP', 'GH119325', 'TURMER', '1899-12-30 15:30:00', '1A', 'F', 'DC', '128', '1', '86.4000015258789', '0', '0', null, null, null, null, 'SB', '1', '1', '0');
INSERT INTO `capture` VALUES ('13/10/2007_36C', 'C', 'FRP', '5631804', 'PARMAJ', '1899-12-30 11:30:00', '1A', 'F', 'DC', null, '1', '16.3999996185303', '0', '0', '8', '20', null, null, 'SB', '1', '1', '0');
INSERT INTO `capture` VALUES ('13/10/2007_37C', 'C', 'FRP', '5631801', 'ERIRUB', '1899-12-30 14:00:00', '+1A', '?', null, '72.5', '1', '17.7000007629395', '0', '0', '8', '20', null, null, 'SB', '1', '1', '0');
INSERT INTO `capture` VALUES ('13/10/2007_38C', 'C', 'FRP', '5631801', 'ERIRUB', '1899-12-30 14:30:00', '+1A', '?', null, null, null, null, '0', '0', '8', '20', null, null, 'SB', '1', '1', '0');
INSERT INTO `capture` VALUES ('13/10/2007_3B', 'B', 'FRP', 'RK7703', 'AEGCAU', '1899-12-30 15:30:00', 'VOL', '?', null, '61', '1', '7.5', '0', '0', null, null, null, null, 'SB', '1', '1', '0');
INSERT INTO `capture` VALUES ('13/10/2007_4B', 'B', 'FRP', 'RK7704', 'AEGCAU', '1899-12-30 15:30:00', 'VOL', '?', null, '61', '1', '8.30000019073486', '0', '0', null, null, null, null, 'SB', '1', '1', '0');
INSERT INTO `capture` VALUES ('13/10/2007_5B', 'B', 'FRP', 'RK7705', 'AEGCAU', '1899-12-30 15:30:00', 'VOL', '?', null, '61', '2', '7.5', '0', '0', null, null, null, null, 'SB', '1', '1', '0');
INSERT INTO `capture` VALUES ('13/10/2007_6B', 'B', 'FRP', 'RK7706', 'AEGCAU', '1899-12-30 15:30:00', 'VOL', '?', null, '60', '1', '7.80000019073486', '0', '0', null, null, null, null, 'SB', '1', '1', '0');
INSERT INTO `capture` VALUES ('13/10/2007_7B', 'B', 'FRP', 'RK7707', 'AEGCAU', '1899-12-30 15:30:00', 'VOL', '?', null, '63', '1', '7.80000019073486', '0', '0', null, null, null, null, 'SB', '1', '1', '0');
INSERT INTO `capture` VALUES ('13/10/2007_8B', 'B', 'FRP', 'RK7708', 'RK7708', '1899-12-30 15:30:00', 'VOL', '?', null, '61', '1', '8', '0', '0', null, null, null, null, 'SB', '1', '1', '0');
INSERT INTO `capture` VALUES ('13/10/2007_9B', 'B', 'FRP', 'RK7709', 'AEGCAU', '1899-12-30 15:30:00', 'VOL', '?', null, '62.5', '1', '7.90000009536743', '0', '0', null, null, null, null, 'SB', '1', '1', '0');
INSERT INTO `capture` VALUES ('16/12/2007_10B', 'B', 'FRP', 'SC126906', 'CARCHL', '1899-12-30 15:30:00', '1A', 'M', 'DC', '85', '1', '26.2000007629395', '0', '0', null, null, null, null, 'RL', '5', '1', '0');
INSERT INTO `capture` VALUES ('16/12/2007_11C', 'C', 'FRP', '5631826', 'PARCAE', '1899-12-30 11:45:00', '+1A', 'M?', 'DC', '66', '1', '11.1999998092651', '0', '0', '8', '20', null, null, 'RL', '5', '1', '0');
INSERT INTO `capture` VALUES ('16/12/2007_12C', 'C', 'FRP', '5631879', 'PARCRI', '1899-12-30 12:30:00', '+1A', 'F?', 'DC', '63', '2', '11.3999996185303', '0', '0', '8', '20', null, null, 'RL', '5', '1', '0');
INSERT INTO `capture` VALUES ('16/12/2007_13C', 'C', 'FRP', '5631847', 'PARCAE', '1899-12-30 12:30:00', '1A', 'F', 'DC', '61', '1', '10.6000003814697', '0', '0', '8', '20', null, null, 'RL', '5', '1', '0');
INSERT INTO `capture` VALUES ('16/12/2007_14C', 'C', 'FRP', '5631838', 'ERIRUB', '1899-12-30 15:30:00', '+1A', '?', null, '76', '1', '17.8999996185303', '0', '0', '8', '20', null, null, 'RL', '5', '1', '0');
INSERT INTO `capture` VALUES ('16/12/2007_15C', 'C', 'FRP', '5631830', 'PARCRI', '1899-12-30 16:00:00', '1A?', 'F?', 'DC', '61', '3', '11.1000003814697', '0', '0', '8', '20', null, null, 'RL', '5', '1', '0');
INSERT INTO `capture` VALUES ('16/12/2007_1B', 'B', 'FRP', 'RK7719', 'REGIGN', '1899-12-30 14:45:00', '1A', 'M?', 'DC', '51', '1', null, '0', '0', null, null, null, null, 'RL', '5', '1', '0');
INSERT INTO `capture` VALUES ('16/12/2007_2B', 'B', 'FRP', '5631878', 'PARMAJ', '1899-12-30 10:45:00', '+1A', 'F', 'DC', '71', '1', '17.3999996185303', '0', '0', null, null, null, null, 'RL', '5', '1', '0');
INSERT INTO `capture` VALUES ('16/12/2007_3B', 'B', 'FRP', '5631879', 'PARCRI', '1899-12-30 11:00:00', '+1A', 'F?', 'DC', '63', '2', null, '0', '0', null, null, null, null, 'RL', '5', '1', '0');
INSERT INTO `capture` VALUES ('16/12/2007_4B', 'B', 'FRP', '5631880', 'PARMAJ', '1899-12-30 12:00:00', '+1A', 'M', 'DC', '76', '1', '18.8999996185303', '0', '0', null, null, null, null, 'RL', '5', '1', '0');
INSERT INTO `capture` VALUES ('16/12/2007_5B', 'B', 'FRP', '5631881', 'PARCAE', '1899-12-30 14:00:00', '+1A', 'M', 'DC', '66', '2', '11.1999998092651', '0', '0', null, null, null, null, 'RL', '5', '1', '0');
INSERT INTO `capture` VALUES ('16/12/2007_6B', 'B', 'FRP', '5631882', 'PARMAJ', '1899-12-30 14:00:00', '+1A', 'M', 'DC', '74', '1', '18.6000003814697', '0', '0', null, null, null, null, 'RL', '5', '1', '0');
INSERT INTO `capture` VALUES ('16/12/2007_7B', 'B', 'FRP', '5631883', 'PARCAE', '1899-12-30 15:00:00', '1A', 'M', 'DC', '67', '2', '12', '0', '0', null, null, null, null, 'RL', '5', '1', '0');
INSERT INTO `capture` VALUES ('16/12/2007_8B', 'B', 'FRP', '5631884', 'PARCAE', '1899-12-30 15:00:00', '+1A', 'F', 'DC', '63', '2', '11.6000003814697', '0', '0', null, null, null, null, 'RL', '5', '1', '0');
INSERT INTO `capture` VALUES ('16/12/2007_9B', 'B', 'FRP', 'SC126905', 'SITEUR', '1899-12-30 12:30:00', '1A', 'F?', 'DC', '85', '1', '21.5', '0', '0', null, null, null, null, 'RL', '5', '1', '0');
INSERT INTO `capture` VALUES ('21/10/2007_10B', 'B', 'FRP', '5631821', 'PARPAL', '1899-12-30 08:30:00', '1A', '?', null, '64', '1', '10', '0', '0', null, null, null, null, 'SB', '2', '1', '0');
INSERT INTO `capture` VALUES ('21/10/2007_11B', 'B', 'FRP', '5631822', 'PARCAE', '1899-12-30 08:30:00', '+1A', 'M', 'DC', '68', '1', '10.8999996185303', '0', '0', null, null, null, null, 'SB', '2', '1', '0');
INSERT INTO `capture` VALUES ('21/10/2007_12B', 'B', 'FRP', '5631823', 'FRICOE', '1899-12-30 08:30:00', '+1?', 'F', 'DC', '83', '1', '21.2999992370605', '0', '0', null, null, null, null, 'SB', '2', '1', '0');
INSERT INTO `capture` VALUES ('21/10/2007_13B', 'B', 'FRP', '5631824', 'PARCAE', '1899-12-30 08:30:00', '1A', 'F?', 'DC', '66', '1', '10.6000003814697', '0', '0', null, null, null, null, 'SB', '2', '1', '0');
INSERT INTO `capture` VALUES ('21/10/2007_14B', 'B', 'FRP', '5631825', 'PARMAJ', '1899-12-30 08:30:00', '+1?', 'F', 'DC', '73', '1', '17', '0', '0', null, null, null, null, 'SB', '2', '1', '0');
INSERT INTO `capture` VALUES ('21/10/2007_15B', 'B', 'FRP', '5631826', 'PARCAE', '1899-12-30 08:30:00', '+1A', 'F', 'DC', '66', '1', '10.5', '0', '0', null, null, null, null, 'SB', '2', '1', '0');
INSERT INTO `capture` VALUES ('21/10/2007_16B', 'B', 'FRP', '5631827', 'PARMAJ', '1899-12-30 09:30:00', '+1A', 'M', 'DC', '78', '1', '17.3999996185303', '0', '0', null, null, null, null, 'SB', '2', '1', '0');
INSERT INTO `capture` VALUES ('21/10/2007_17B', 'B', 'FRP', '5631828', 'PARCAE', '1899-12-30 09:30:00', '+1A', 'F', 'DC', '65', '1', '9.60000038146973', '0', '0', null, null, null, null, 'SB', '2', '1', '0');
INSERT INTO `capture` VALUES ('21/10/2007_18B', 'B', 'FRP', '5631829', 'PARMAJ', '1899-12-30 09:30:00', '+1A', 'F', 'DC', '76', '1', '17.3999996185303', '0', '0', null, null, null, null, 'SB', '2', '1', '0');
INSERT INTO `capture` VALUES ('21/10/2007_19B', 'B', 'FRP', '5631830', 'PARCRI', '1899-12-30 09:30:00', '+1A', 'F?', 'DC', '61', '1', '10', '0', '0', null, null, null, null, 'SB', '2', '1', '0');
INSERT INTO `capture` VALUES ('21/10/2007_1B', 'B', 'FRP', '5631812', 'PARMAJ', '1899-12-30 08:30:00', '+1A', 'M', 'DC', '75', '1', '16.5', '0', '0', null, null, null, null, 'SB', '2', '1', '0');
INSERT INTO `capture` VALUES ('21/10/2007_20B', 'B', 'FRP', '5631831', 'PARCAE', '1899-12-30 09:30:00', '+1A', 'M', 'DC', '66', '1', '10.5', '0', '0', null, null, null, null, 'SB', '2', '1', '0');
INSERT INTO `capture` VALUES ('21/10/2007_21B', 'B', 'FRP', '5631832', 'PARMAJ', '1899-12-30 09:30:00', '+1A', 'F', 'DC', '72', '1', '15.8000001907349', '0', '0', null, null, null, null, 'SB', '2', '1', '0');
INSERT INTO `capture` VALUES ('21/10/2007_22B', 'B', 'FRP', '5631833', 'PARCAE', '1899-12-30 09:30:00', '+1A', 'F', 'DC', '65', '1', '10.3000001907349', '0', '0', null, null, null, null, 'SB', '2', '1', '0');
INSERT INTO `capture` VALUES ('21/10/2007_23B', 'B', 'FRP', '5631834', 'PARCAE', '1899-12-30 09:30:00', '+1A', 'F', 'DC', null, '1', null, '0', '0', null, null, null, null, 'SB', '2', '1', '0');
INSERT INTO `capture` VALUES ('21/10/2007_24B', 'B', 'FRP', '5631835', 'PARCAE', '1899-12-30 09:30:00', '1A', 'M', 'DC', '65', '1', '10.8999996185303', '0', '0', null, null, null, null, 'SB', '2', '1', '0');
INSERT INTO `capture` VALUES ('21/10/2007_25B', 'B', 'FRP', '5631836', 'PARCAE', '1899-12-30 09:30:00', '+1A', 'F', 'DC', '64', '1', '10.1999998092651', '0', '0', null, null, null, null, 'SB', '2', '1', '0');
INSERT INTO `capture` VALUES ('21/10/2007_26B', 'B', 'FRP', '5631837', 'PARCRI', '1899-12-30 09:30:00', '+1A', 'M', 'DC', '68.5', '1', '10.8000001907349', '0', '0', null, null, null, null, 'SB', '2', '1', '0');
INSERT INTO `capture` VALUES ('21/10/2007_27B', 'B', 'FRP', 'GH119326', 'TURMER', '1899-12-30 09:30:00', '+1A', 'F', 'DC', '126', '1', '91.5', '0', '0', null, null, null, null, 'SB', '2', '1', '0');
INSERT INTO `capture` VALUES ('21/10/2007_28C', 'C', 'FRP', '5631813', 'PARCAE', '1899-12-30 10:30:00', '1A', 'F', 'DC', null, null, null, '0', '0', '8', '20', null, null, 'SB', '2', '1', '1');
INSERT INTO `capture` VALUES ('21/10/2007_2B', 'B', 'FRP', '5631813', 'PARCAE', '1899-12-30 08:30:00', '1A', 'F', 'DC', '61.5', '1', null, '0', '0', null, null, null, null, 'SB', '2', '1', '0');
INSERT INTO `capture` VALUES ('21/10/2007_3B', 'B', 'FRP', '5631814', 'PARMAJ', '1899-12-30 08:30:00', '+1?', 'M', 'DC', '73', '1', '18.2999992370605', '0', '0', null, null, null, null, 'SB', '2', '1', '0');
INSERT INTO `capture` VALUES ('21/10/2007_4B', 'B', 'FRP', '5631815', 'PARCAE', '1899-12-30 08:30:00', '1A', 'M', 'DC', '65', '1', '11.1999998092651', '0', '0', null, null, null, null, 'SB', '2', '1', '0');
INSERT INTO `capture` VALUES ('21/10/2007_5B', 'B', 'FRP', '5631816', 'PARCAE', '1899-12-30 08:30:00', '1A', 'M?', 'DC', '66', '1', '10.6999998092651', '0', '0', null, null, null, null, 'SB', '2', '1', '0');
INSERT INTO `capture` VALUES ('21/10/2007_6B', 'B', 'FRP', '5631817', 'PARMAJ', '1899-12-30 08:30:00', '+1A', 'F', 'DC', '74', '1', '19', '0', '0', null, null, null, null, 'SB', '2', '1', '0');
INSERT INTO `capture` VALUES ('21/10/2007_7B', 'B', 'FRP', '5631818', 'PARMAJ', '1899-12-30 08:30:00', '+1A', 'M', 'DC', '74', '1', '17.7999992370605', '0', '0', null, null, null, null, 'SB', '2', '1', '0');
INSERT INTO `capture` VALUES ('21/10/2007_8B', 'B', 'FRP', '5631819', 'PARPAL', '1899-12-30 08:30:00', '1A?', '?', null, '61', '1', '9.5', '0', '0', null, null, null, null, 'SB', '2', '1', '0');
INSERT INTO `capture` VALUES ('21/10/2007_9B', 'B', 'FRP', '5631820', 'PARCAE', '1899-12-30 08:30:00', '1A', 'F', 'DC', '62', '1', '9.69999980926514', '0', '0', null, null, null, null, 'SB', '2', '1', '0');
INSERT INTO `capture` VALUES ('24/11/2007_10B', 'B', 'FRP', '5631866', 'PARCAE', '1899-12-30 09:30:00', '1A', 'M', 'DC', '68', '1', '10.6999998092651', '0', '0', null, null, null, null, 'CL', '4', '1', '0');
INSERT INTO `capture` VALUES ('24/11/2007_11B', 'B', 'FRP', '5631867', 'PARCAE', '1899-12-30 09:30:00', '1A', 'F', 'DC', '66', '1', '10.6999998092651', '0', '0', null, null, null, null, 'CL', '4', '1', '0');
INSERT INTO `capture` VALUES ('24/11/2007_12B', 'B', 'FRP', '5631868', 'PARMAJ', '1899-12-30 09:30:00', '1A', 'F', 'DC', '70', '1', '15.1999998092651', '0', '0', null, null, null, null, 'CL', '4', '1', '0');
INSERT INTO `capture` VALUES ('24/11/2007_13B', 'B', 'FRP', '5631869', 'PARCAE', '1899-12-30 09:30:00', '+1A', 'F?', 'DC', '64', '1', '10.8000001907349', '0', '0', null, null, null, null, 'CL', '4', '1', '0');
INSERT INTO `capture` VALUES ('24/11/2007_14B', 'B', 'FRP', '5631870', 'PARCAE', '1899-12-30 09:30:00', '+1A', 'M?', 'DC', '66', '1', '10.5', '0', '0', null, null, null, null, 'CL', '4', '1', '0');
INSERT INTO `capture` VALUES ('24/11/2007_15B', 'B', 'FRP', '5631871', 'FRICOE', '1899-12-30 09:30:00', '+1A', 'M', 'DC', '90', '1', '21.2999992370605', '0', '0', null, null, null, null, 'CL', '4', '1', '0');
INSERT INTO `capture` VALUES ('24/11/2007_16B', 'B', 'FRP', '5631872', 'PARCAE', '1899-12-30 09:30:00', '1A', 'F', 'DC', '64', '1', '10.1999998092651', '0', '0', null, null, null, null, 'CL', '4', '1', '0');
INSERT INTO `capture` VALUES ('24/11/2007_17B', 'B', 'FRP', '5631873', 'PARCAE', '1899-12-30 11:00:00', '+1A', 'M', 'DC', '67', '1', '11.3999996185303', '0', '0', null, null, null, null, 'CL', '4', '1', '0');
INSERT INTO `capture` VALUES ('24/11/2007_18B', 'B', 'FRP', '5631874', 'PARCAE', '1899-12-30 11:00:00', '+1A', 'M', 'DC', '68', '1', '11', '0', '0', null, null, null, null, 'CL', '4', '1', '0');
INSERT INTO `capture` VALUES ('24/11/2007_19B', 'B', 'FRP', '5631875', 'PARCAE', '1899-12-30 11:00:00', '+1A', 'F', 'DC', '64', '1', null, '0', '0', null, null, null, null, 'CL', '4', '1', '0');
INSERT INTO `capture` VALUES ('24/11/2007_1B', 'B', 'FRP', 'RK7718', 'REGREG', '1899-12-30 09:15:00', '1A?', 'M', 'DC', '53', '1', '4.90000009536743', '0', '0', null, null, null, null, 'CL', '4', '1', '0');
INSERT INTO `capture` VALUES ('24/11/2007_20B', 'B', 'FRP', '5631876', 'PARCAE', '1899-12-30 11:30:00', '1A', 'F', 'DC', '65', '2', '11.1999998092651', '0', '0', null, null, null, null, 'CL', '4', '1', '0');
INSERT INTO `capture` VALUES ('24/11/2007_21B', 'B', 'FRP', '5631877', 'PARCAE', '1899-12-30 11:30:00', '1A', 'F?', 'DC', '61', '1', '10.6000003814697', '0', '0', null, null, null, null, 'CL', '4', '1', '0');
INSERT INTO `capture` VALUES ('24/11/2007_22B', 'B', 'FRP', 'SC126904', 'SITEUR', '1899-12-30 09:50:00', '1A', 'M', 'DC', '85', '1', '21.2999992370605', '0', '0', null, null, null, null, 'CL', '4', '1', '1');
INSERT INTO `capture` VALUES ('24/11/2007_23C', 'C', 'FRP', 'GH119326', 'TURMER', '1899-12-30 08:00:00', '+1A', 'F', 'DC', '125', '1', '100.800003051758', '0', '0', '8', '20', null, null, 'CL', '4', '1', '0');
INSERT INTO `capture` VALUES ('24/11/2007_24C', 'C', 'FRP', '5631819', 'PARPAL', '1899-12-30 09:00:00', '1A', '?', null, '61', null, null, '0', '0', '8', '20', null, null, 'CL', '4', '1', '0');
INSERT INTO `capture` VALUES ('24/11/2007_25C', 'C', 'FRP', '5631837', 'PARCRI', '1899-12-30 10:00:00', '+1A', 'M', 'DC', '68', '1', '11.3999996185303', '0', '0', '8', '20', null, null, 'CL', '4', '1', '0');
INSERT INTO `capture` VALUES ('24/11/2007_26C', 'C', 'FRP', 'SC126903', 'SITEUR', '1899-12-30 10:00:00', '1A', 'M', 'DC', '89', '1', '23.7000007629395', '0', '0', '8', '20', null, null, 'CL', '4', '1', '0');
INSERT INTO `capture` VALUES ('24/11/2007_27C', 'C', 'FRP', '5631858', 'ERIRUB', '1899-12-30 10:30:00', '+1A', '?', null, null, '1', '17.8999996185303', '0', '0', '8', '20', null, null, 'CL', '4', '1', '0');
INSERT INTO `capture` VALUES ('24/11/2007_28R', 'R', 'FRP', '5631839', 'PARCAE', '1899-12-30 09:00:00', '1A', 'M', 'DC', '65', '1', '10.5', '0', '0', '2', '8', null, null, 'CL', '4', '1', '0');
INSERT INTO `capture` VALUES ('24/11/2007_29R', 'R', 'FRP', '5631852', 'PARCAE', '1899-12-30 10:30:00', '1A', 'M?', 'DC', '67', '1', null, '0', '0', '2', '61', null, null, 'CL', '4', '1', '0');
INSERT INTO `capture` VALUES ('24/11/2007_2B', 'B', 'FRP', '5631858', 'ERIRUB', '1899-12-30 08:00:00', '+1A', '?', null, '74.5', '1', '17.1000003814697', '0', '0', null, null, 'PATE G', null, 'CL', '4', '1', '0');
INSERT INTO `capture` VALUES ('24/11/2007_30C', 'C', 'FRP', '5631835', 'PARCAE', '1899-12-30 09:00:00', '1A', 'M', 'DC', null, null, null, '0', '0', '8', '20', null, null, 'CL', '4', '1', '0');
INSERT INTO `capture` VALUES ('24/11/2007_31C', 'C', 'FRP', '5631851', 'PARCAE', '1899-12-30 09:00:00', '1A', 'F', 'DC', null, null, null, '0', '0', '8', '20', null, null, 'CL', '4', '1', '0');
INSERT INTO `capture` VALUES ('24/11/2007_3B', 'B', 'FRP', '5631859', 'PARCAE', '1899-12-30 09:00:00', '+1A', 'M?', 'DC', '68', '1', '11.3999996185303', '0', '0', null, null, null, null, 'CL', '4', '1', '0');
INSERT INTO `capture` VALUES ('24/11/2007_4B', 'B', 'FRP', '5631860', 'PARMAJ', '1899-12-30 09:15:00', '1A', 'M?', 'DC', '75', '1', null, '0', '0', null, null, null, null, 'CL', '4', '1', '0');
INSERT INTO `capture` VALUES ('24/11/2007_5B', 'B', 'FRP', '5631861', 'PARCAE', '1899-12-30 09:15:00', '1A', 'M?', 'DC', '67', '1', '10.8999996185303', '0', '0', null, null, null, null, 'CL', '4', '1', '0');
INSERT INTO `capture` VALUES ('24/11/2007_6B', 'B', 'FRP', '5631862', 'PARMAJ', '1899-12-30 09:15:00', '+1A', 'M', 'DC', '75', '1', '17.8999996185303', '0', '0', null, null, null, null, 'CL', '4', '1', '0');
INSERT INTO `capture` VALUES ('24/11/2007_7B', 'B', 'FRP', '5631863', 'PARMAJ', '1899-12-30 09:15:00', '1A', 'F', 'DC', '76', '1', '16.1000003814697', '0', '0', null, null, null, null, 'CL', '4', '1', '0');
INSERT INTO `capture` VALUES ('24/11/2007_8B', 'B', 'FRP', '5631864', 'PARCAE', '1899-12-30 09:15:00', '1A', 'F', 'DC', '64', '1', '10.6999998092651', '0', '0', null, null, null, null, 'CL', '4', '1', '0');
INSERT INTO `capture` VALUES ('24/11/2007_9B', 'B', 'FRP', '5631865', 'PARMAJ', '1899-12-30 09:15:00', '+1A', 'M', 'DC', '78', '1', '16.8999996185303', '0', '0', null, null, null, null, 'CL', '4', '1', '0');
INSERT INTO `capture` VALUES ('26/01/2008_1C', 'C', 'FRP', '5631885', 'PARCAE', '1899-12-30 09:30:00', '2A', 'M?', 'DC', '66.5', '1', '11.3999996185303', '0', '0', '8', '20', null, null, 'CL', '8', '0', '0');
INSERT INTO `capture` VALUES ('26/01/2008_2C', 'C', 'FRP', '5631830', 'PARCRI', '1899-12-30 09:39:00', '+2A', '?', null, '61.5', '1', '10.1999998092651', '0', '0', '8', '20', null, null, 'CL', '8', '0', '0');
INSERT INTO `capture` VALUES ('26/01/2008_3C', 'C', 'FRP', '5631899', 'PARCRI', '1899-12-30 10:18:00', '+2?', '?', null, '61.5', '1', '10.5', '0', '0', '8', '20', null, null, 'CL', '8', '0', '0');
INSERT INTO `capture` VALUES ('26/01/2008_4C', 'C', 'FRP', '5631879', 'PARCRI', '1899-12-30 10:42:00', '+2A', '?', null, '64', '1', '11', '0', '0', '8', '20', null, null, 'CL', '8', '0', '0');
INSERT INTO `capture` VALUES ('26/01/2008_5B', 'B', 'FRP', '5631899', 'PARCRI', '1899-12-30 08:30:00', '+2?', '?', 'LP', '61', '1', '10.3000001907349', '0', '0', null, null, null, null, 'CL', '8', '0', '0');
INSERT INTO `capture` VALUES ('26/01/2008_6B', 'B', 'FRP', '5631900', 'FRICOE', '1899-12-30 09:00:00', '+2?', 'F', 'DC', '84', '1', '19.6000003814697', '0', '0', null, null, null, null, 'CL', '8', '0', '0');
INSERT INTO `capture` VALUES ('26/01/2008_7B', 'B', 'FRP', '5631901', 'ERIRUB', '1899-12-30 09:20:00', '+2A', '?', null, '78', '1', '19.1000003814697', '0', '0', null, null, null, null, 'CL', '8', '0', '0');
INSERT INTO `capture` VALUES ('31/12/2007_10B', 'B', 'FRP', '5631894', 'PARCAE', '1899-12-30 11:30:00', '+1A', 'M', 'DC', '66.5', '1', '11.8000001907349', '0', '0', null, null, null, null, 'SB', '6', '1', '0');
INSERT INTO `capture` VALUES ('31/12/2007_11B', 'B', 'FRP', '5631895', 'PARCAE', '1899-12-30 11:30:00', '1A', 'F', 'DC', '62', '1', '10.5', '0', '0', null, null, null, null, 'SB', '6', '1', '0');
INSERT INTO `capture` VALUES ('31/12/2007_12B', 'B', 'FRP', '5631896', 'PARMAJ', '1899-12-30 12:00:00', '1A', 'F', 'DC', '74', '1', '19.1000003814697', '0', '0', null, null, null, null, 'RL', '6', '1', '0');
INSERT INTO `capture` VALUES ('31/12/2007_13B', 'B', 'FRP', '5631897', 'PARCAE', '1899-12-30 12:00:00', '+1A', 'F', 'DC', '65', '1', '10.8000001907349', '0', '0', null, null, null, null, 'RL', '6', '1', '0');
INSERT INTO `capture` VALUES ('31/12/2007_14C', 'C', 'FRP', '5631879', 'PARCRI', '1899-12-30 09:00:00', '+1A', 'F?', 'DC', '63.5', '1', '10.8000001907349', '0', '0', '8', '20', null, 'SB', 'RL', '6', '1', '0');
INSERT INTO `capture` VALUES ('31/12/2007_15C', 'C', 'FRP', '5631858', 'ERIRUB', '1899-12-30 09:00:00', '+1A', '?', null, '73.5', '1', '19.1000003814697', '0', '0', '8', '20', null, 'SB', 'RL', '6', '1', '0');
INSERT INTO `capture` VALUES ('31/12/2007_16C', 'C', 'FRP', '5631830', 'PARCRI', '1899-12-30 09:00:00', '+1A', 'F?', 'DC', '62', '1', '10.3000001907349', '0', '0', '8', '20', null, null, 'SB', '6', '1', '0');
INSERT INTO `capture` VALUES ('31/12/2007_17C', 'C', 'FRP', '5631838', 'ERIRUB', '1899-12-30 10:00:00', '+1?', '?', null, '75', '1', '18.6000003814697', '0', '0', '8', '20', 'BARRES DE CROISSANCE RC', null, 'SB', '6', '1', '0');
INSERT INTO `capture` VALUES ('31/12/2007_18C', 'C', 'FRP', '5631854', 'PARMAJ', '1899-12-30 11:30:00', '1A', 'M', 'DC', '77', '1', '18.5', '0', '0', '8', '20', null, null, 'SB', '6', '1', '0');
INSERT INTO `capture` VALUES ('31/12/2007_1B', 'B', 'FRP', '5631885', 'PARCAE', '1899-12-30 09:00:00', '1A', 'M?', 'DC', '66', '1', '11.1999998092651', '0', '0', null, null, null, null, 'SB', '6', '1', '0');
INSERT INTO `capture` VALUES ('31/12/2007_2B', 'B', 'FRP', '5631886', 'PARMAJ', '1899-12-30 09:00:00', '1A?', 'M', 'DC', '78.5', '1', '19.2000007629395', '0', '0', null, null, null, null, 'SB', '6', '1', '0');
INSERT INTO `capture` VALUES ('31/12/2007_3B', 'B', 'FRP', '5631887', 'PARCAE', '1899-12-30 09:00:00', '1A', 'M', 'DC', '66', '1', '11.8999996185303', '0', '0', null, null, null, null, 'SB', '6', '1', '0');
INSERT INTO `capture` VALUES ('31/12/2007_4B', 'B', 'FRP', '5631888', 'FRICOE', '1899-12-30 09:30:00', '+1A', 'M', 'DC', '86', '1', '21.2000007629395', '0', '0', null, null, null, null, 'SB', '6', '1', '0');
INSERT INTO `capture` VALUES ('31/12/2007_5B', 'B', 'FRP', '5631889', 'PARCAE', '1899-12-30 09:30:00', '1A', 'M?', 'DC', '66', '2', '11.3000001907349', '0', '0', null, null, null, null, 'SB', '6', '1', '0');
INSERT INTO `capture` VALUES ('31/12/2007_6B', 'B', 'FRP', '5631890', 'PARCAE', '1899-12-30 09:30:00', '+1A', 'F', 'DC', '63.5', '1', '10.3999996185303', '0', '0', null, null, null, null, 'SB', '6', '1', '0');
INSERT INTO `capture` VALUES ('31/12/2007_7B', 'B', 'FRP', '5631891', 'FRICOE', '1899-12-30 09:45:00', '+1A', 'M', 'DC', '90', '1', '22.7999992370605', '0', '0', null, null, null, null, 'SB', '6', '1', '0');
INSERT INTO `capture` VALUES ('31/12/2007_8B', 'B', 'FRP', '5631892', 'PARMAJ', '1899-12-30 10:30:00', '+1A', 'M', 'DC', '73', '1', '17.8999996185303', '0', '0', null, null, null, null, 'SB', '6', '1', '0');
INSERT INTO `capture` VALUES ('31/12/2007_9B', 'B', 'FRP', '5631893', 'CARCAR', '1899-12-30 11:00:00', '1A?', 'M?', 'DC', '76.5', '1', '15.5', '0', '0', null, null, null, null, 'RL', '6', '1', '0');
INSERT INTO `code_sp_crbpo` VALUES ('ACCGEN', 'Accipiter gentilis');
INSERT INTO `code_sp_crbpo` VALUES ('ACCNIS', 'Accipiter nisus');
INSERT INTO `code_sp_crbpo` VALUES ('ACRAGR', 'Acrocephalus agricola');
INSERT INTO `code_sp_crbpo` VALUES ('ACRARU', 'Acrocephalus arundinaceus');
INSERT INTO `code_sp_crbpo` VALUES ('ACRDUM', 'Acrocephalus dumetorum');
INSERT INTO `code_sp_crbpo` VALUES ('ACRMEL', 'Acrocephalus melanopogon');
INSERT INTO `code_sp_crbpo` VALUES ('ACROLA', 'Acrocephalus paludicola');
INSERT INTO `code_sp_crbpo` VALUES ('ACRRIS', 'Acrocephalus palustris');
INSERT INTO `code_sp_crbpo` VALUES ('ACRSCH', 'Acrocephalus schoenobaenus');
INSERT INTO `code_sp_crbpo` VALUES ('ACRSCI', 'Acrocephalus scirpaceus');
INSERT INTO `code_sp_crbpo` VALUES ('ACTHYP', 'Actitis hypoleucos');
INSERT INTO `code_sp_crbpo` VALUES ('ACTMAC', 'Actitis macularia');
INSERT INTO `code_sp_crbpo` VALUES ('AEGCAU', 'Aegithalos caudatus');
INSERT INTO `code_sp_crbpo` VALUES ('AEGFUN', 'Aegolius funereus');
INSERT INTO `code_sp_crbpo` VALUES ('AEGMON', 'Aegypius monachus');
INSERT INTO `code_sp_crbpo` VALUES ('ALAARV', 'Alauda arvensis');
INSERT INTO `code_sp_crbpo` VALUES ('ALCTOR', 'Alca torda');
INSERT INTO `code_sp_crbpo` VALUES ('ALCATT', 'Alcedo atthis');
INSERT INTO `code_sp_crbpo` VALUES ('ALCSEN', 'Alcyon senegalensis');
INSERT INTO `code_sp_crbpo` VALUES ('ALEBAR', 'Alectoris barbara');
INSERT INTO `code_sp_crbpo` VALUES ('ALECHU', 'Alectoris chukar');
INSERT INTO `code_sp_crbpo` VALUES ('ALEGRA', 'Alectoris graeca');
INSERT INTO `code_sp_crbpo` VALUES ('ALERUF', 'Alectoris rufa');
INSERT INTO `code_sp_crbpo` VALUES ('ALLALL', 'Alle alle');
INSERT INTO `code_sp_crbpo` VALUES ('ALOAEG', 'Alopochen aegyptiacus');
INSERT INTO `code_sp_crbpo` VALUES ('AMAAMA', 'Amandava amandava');
INSERT INTO `code_sp_crbpo` VALUES ('ANAACU', 'Anas acuta');
INSERT INTO `code_sp_crbpo` VALUES ('ANAAME', 'Anas americana');
INSERT INTO `code_sp_crbpo` VALUES ('ANACLY', 'Anas clypeata');
INSERT INTO `code_sp_crbpo` VALUES ('ANACRE', 'Anas crecca');
INSERT INTO `code_sp_crbpo` VALUES ('ANAPEN', 'Anas penelope');
INSERT INTO `code_sp_crbpo` VALUES ('ANAPLA', 'Anas platyrhynchos');
INSERT INTO `code_sp_crbpo` VALUES ('ANAQUE', 'Anas querquedula');
INSERT INTO `code_sp_crbpo` VALUES ('ANARUB', 'Anas rubripes');
INSERT INTO `code_sp_crbpo` VALUES ('ANASTR', 'Anas strepera');
INSERT INTO `code_sp_crbpo` VALUES ('ANSALB', 'Anser albifrons');
INSERT INTO `code_sp_crbpo` VALUES ('ANSANS', 'Anser anser');
INSERT INTO `code_sp_crbpo` VALUES ('ANSBRA', 'Anser brachyrhynchus');
INSERT INTO `code_sp_crbpo` VALUES ('ANSCAE', 'Anser caerulescens');
INSERT INTO `code_sp_crbpo` VALUES ('ANSERY', 'Anser erythropus');
INSERT INTO `code_sp_crbpo` VALUES ('ANSFAB', 'Anser fabalis');
INSERT INTO `code_sp_crbpo` VALUES ('ANSIND', 'Anser indicus');
INSERT INTO `code_sp_crbpo` VALUES ('ANTCAM', 'Anthus campestris');
INSERT INTO `code_sp_crbpo` VALUES ('ANTHOD', 'Anthus hodgsoni');
INSERT INTO `code_sp_crbpo` VALUES ('ANTPET', 'Anthus petrosus');
INSERT INTO `code_sp_crbpo` VALUES ('ANTPRA', 'Anthus pratensis');
INSERT INTO `code_sp_crbpo` VALUES ('ANTRIC', 'Anthus richardi');
INSERT INTO `code_sp_crbpo` VALUES ('ANTSPI', 'Anthus spinoletta');
INSERT INTO `code_sp_crbpo` VALUES ('ANTTRI', 'Anthus trivialis');
INSERT INTO `code_sp_crbpo` VALUES ('APUAFF', 'Apus affinis');
INSERT INTO `code_sp_crbpo` VALUES ('APUAPU', 'Apus apus');
INSERT INTO `code_sp_crbpo` VALUES ('APUCAF', 'Apus caffer');
INSERT INTO `code_sp_crbpo` VALUES ('APUMEL', 'Apus melba');
INSERT INTO `code_sp_crbpo` VALUES ('APUPAL', 'Apus pallidus');
INSERT INTO `code_sp_crbpo` VALUES ('AQUADA', 'Aquila adalberti');
INSERT INTO `code_sp_crbpo` VALUES ('AQUCHR', 'Aquila chrysaetos');
INSERT INTO `code_sp_crbpo` VALUES ('AQUCLA', 'Aquila clanga');
INSERT INTO `code_sp_crbpo` VALUES ('AQUHEL', 'Aquila heliaca');
INSERT INTO `code_sp_crbpo` VALUES ('AQUNIP', 'Aquila nipalensis');
INSERT INTO `code_sp_crbpo` VALUES ('AQUPOM', 'Aquila pomarina');
INSERT INTO `code_sp_crbpo` VALUES ('ARDCIN', 'Ardea cinerea');
INSERT INTO `code_sp_crbpo` VALUES ('ARDPUR', 'Ardea purpurea');
INSERT INTO `code_sp_crbpo` VALUES ('ARDRAL', 'Ardeola ralloides');
INSERT INTO `code_sp_crbpo` VALUES ('AREINT', 'Arenaria interpres');
INSERT INTO `code_sp_crbpo` VALUES ('ASIFLA', 'Asio flammeus');
INSERT INTO `code_sp_crbpo` VALUES ('ASIOTU', 'Asio otus');
INSERT INTO `code_sp_crbpo` VALUES ('ATHNOC', 'Athene noctua');
INSERT INTO `code_sp_crbpo` VALUES ('AYTAFF', 'Aythya affinis');
INSERT INTO `code_sp_crbpo` VALUES ('AYTFER', 'Aythya ferina');
INSERT INTO `code_sp_crbpo` VALUES ('AYTFUL', 'Aythya fuligula');
INSERT INTO `code_sp_crbpo` VALUES ('AYTMAR', 'Aythya marila');
INSERT INTO `code_sp_crbpo` VALUES ('AYTNYR', 'Aythya nyroca');
INSERT INTO `code_sp_crbpo` VALUES ('BOMGAR', 'Bombycilla garrulus');
INSERT INTO `code_sp_crbpo` VALUES ('BONBON', 'Bonasa bonasia');
INSERT INTO `code_sp_crbpo` VALUES ('BOTSTE', 'Botaurus stellaris');
INSERT INTO `code_sp_crbpo` VALUES ('BRABER', 'Branta bernicla');
INSERT INTO `code_sp_crbpo` VALUES ('BRACAN', 'Branta canadensis');
INSERT INTO `code_sp_crbpo` VALUES ('BRALEU', 'Branta leucopsis');
INSERT INTO `code_sp_crbpo` VALUES ('BRARUF', 'Branta ruficollis');
INSERT INTO `code_sp_crbpo` VALUES ('BUBBUB', 'Bubo bubo');
INSERT INTO `code_sp_crbpo` VALUES ('BUBIBI', 'Bubulcus ibis');
INSERT INTO `code_sp_crbpo` VALUES ('BUCCLA', 'Bucephala clangula');
INSERT INTO `code_sp_crbpo` VALUES ('BUCISL', 'Bucephala islandica');
INSERT INTO `code_sp_crbpo` VALUES ('BULBUL', 'Bulweria bulwerii');
INSERT INTO `code_sp_crbpo` VALUES ('BUROED', 'Burhinus oedicnemus');
INSERT INTO `code_sp_crbpo` VALUES ('BUTBUT', 'Buteo buteo');
INSERT INTO `code_sp_crbpo` VALUES ('BUTLAG', 'Buteo lagopus');
INSERT INTO `code_sp_crbpo` VALUES ('BUTRUF', 'Buteo rufinus');
INSERT INTO `code_sp_crbpo` VALUES ('BUTVIR', 'Butorides virescens');
INSERT INTO `code_sp_crbpo` VALUES ('CALBRA', 'Calandrella brachydactyla');
INSERT INTO `code_sp_crbpo` VALUES ('CALRUF', 'Calandrella rufescens');
INSERT INTO `code_sp_crbpo` VALUES ('CALLAP', 'Calcarius lapponicus');
INSERT INTO `code_sp_crbpo` VALUES ('CALACU', 'Calidris acuminata');
INSERT INTO `code_sp_crbpo` VALUES ('CALALB', 'Calidris alba');
INSERT INTO `code_sp_crbpo` VALUES ('CALALP', 'Calidris alpina');
INSERT INTO `code_sp_crbpo` VALUES ('CALBAI', 'Calidris bairdii');
INSERT INTO `code_sp_crbpo` VALUES ('CALCAN', 'Calidris canutus');
INSERT INTO `code_sp_crbpo` VALUES ('CALFER', 'Calidris ferruginea');
INSERT INTO `code_sp_crbpo` VALUES ('CALFUS', 'Calidris fuscicollis');
INSERT INTO `code_sp_crbpo` VALUES ('CALMAR', 'Calidris maritima');
INSERT INTO `code_sp_crbpo` VALUES ('CALMEL', 'Calidris melanotos');
INSERT INTO `code_sp_crbpo` VALUES ('CALMIN', 'Calidris minuta');
INSERT INTO `code_sp_crbpo` VALUES ('CALLLA', 'Calidris minutilla');
INSERT INTO `code_sp_crbpo` VALUES ('CALPUS', 'Calidris pusilla');
INSERT INTO `code_sp_crbpo` VALUES ('CALLIS', 'Calidris ruficollis');
INSERT INTO `code_sp_crbpo` VALUES ('CALTEM', 'Calidris temminckii');
INSERT INTO `code_sp_crbpo` VALUES ('CALDIO', 'Calonectris diomedea');
INSERT INTO `code_sp_crbpo` VALUES ('CAPEUR', 'Caprimulgus europaeus');
INSERT INTO `code_sp_crbpo` VALUES ('CAPRUF', 'Caprimulgus ruficollis');
INSERT INTO `code_sp_crbpo` VALUES ('CARCAN', 'Carduelis cannabina');
INSERT INTO `code_sp_crbpo` VALUES ('CARCAR', 'Carduelis carduelis');
INSERT INTO `code_sp_crbpo` VALUES ('CARCHL', 'Carduelis chloris');
INSERT INTO `code_sp_crbpo` VALUES ('CARFLA', 'Carduelis flammea');
INSERT INTO `code_sp_crbpo` VALUES ('CARRIS', 'Carduelis flavirostris');
INSERT INTO `code_sp_crbpo` VALUES ('CARHOR', 'Carduelis hornemanni ');
INSERT INTO `code_sp_crbpo` VALUES ('CARSPI', 'Carduelis spinus');
INSERT INTO `code_sp_crbpo` VALUES ('CATMIN', 'Catharus minimus');
INSERT INTO `code_sp_crbpo` VALUES ('CATUST', 'Catharus ustulatus');
INSERT INTO `code_sp_crbpo` VALUES ('CEPGRY', 'Cepphus grylle');
INSERT INTO `code_sp_crbpo` VALUES ('CERGAL', 'Cercotrichas galactotes');
INSERT INTO `code_sp_crbpo` VALUES ('CERBRA', 'Certhia brachydactyla');
INSERT INTO `code_sp_crbpo` VALUES ('CERFAM', 'Certhia familiaris');
INSERT INTO `code_sp_crbpo` VALUES ('CETCET', 'Cettia cetti');
INSERT INTO `code_sp_crbpo` VALUES ('CHAALE', 'Charadrius alexandrinus');
INSERT INTO `code_sp_crbpo` VALUES ('CHAASI', 'Charadrius asiaticus');
INSERT INTO `code_sp_crbpo` VALUES ('CHADUB', 'Charadrius dubius');
INSERT INTO `code_sp_crbpo` VALUES ('CHAHIA', 'Charadrius hiaticula');
INSERT INTO `code_sp_crbpo` VALUES ('CHALES', 'Charadrius leschenaultii');
INSERT INTO `code_sp_crbpo` VALUES ('CHAVOC', 'Charadrius vociferus');
INSERT INTO `code_sp_crbpo` VALUES ('CHLHYB', 'Chlidonias hybridus');
INSERT INTO `code_sp_crbpo` VALUES ('CHLLEU', 'Chlidonias leucopterus');
INSERT INTO `code_sp_crbpo` VALUES ('CHLNIG', 'Chlidonias niger');
INSERT INTO `code_sp_crbpo` VALUES ('CICCIC', 'Ciconia ciconia');
INSERT INTO `code_sp_crbpo` VALUES ('CICNIG', 'Ciconia nigra');
INSERT INTO `code_sp_crbpo` VALUES ('CINCIN', 'Cinclus cinclus');
INSERT INTO `code_sp_crbpo` VALUES ('CIRGAL', 'Circaetus gallicus');
INSERT INTO `code_sp_crbpo` VALUES ('CIRAER', 'Circus aeruginosus');
INSERT INTO `code_sp_crbpo` VALUES ('CIRCYA', 'Circus cyaneus');
INSERT INTO `code_sp_crbpo` VALUES ('CIRPYG', 'Circus pygargus');
INSERT INTO `code_sp_crbpo` VALUES ('CISJUN', 'Cisticola juncidis');
INSERT INTO `code_sp_crbpo` VALUES ('CLAGLA', 'Clamator glandarius');
INSERT INTO `code_sp_crbpo` VALUES ('CLAHYE', 'Clangula hyemalis');
INSERT INTO `code_sp_crbpo` VALUES ('COCCOC', 'Coccothraustes coccothraustes');
INSERT INTO `code_sp_crbpo` VALUES ('COLLIV', 'Columba livia');
INSERT INTO `code_sp_crbpo` VALUES ('COLOEN', 'Columba oenas');
INSERT INTO `code_sp_crbpo` VALUES ('COLPAL', 'Columba palumbus');
INSERT INTO `code_sp_crbpo` VALUES ('CORGAR', 'Coracias garrulus');
INSERT INTO `code_sp_crbpo` VALUES ('CORRAX', 'Corvus corax');
INSERT INTO `code_sp_crbpo` VALUES ('CORONE', 'Corvus corone');
INSERT INTO `code_sp_crbpo` VALUES ('CORDAU', 'Corvus dauuricus');
INSERT INTO `code_sp_crbpo` VALUES ('CORFRU', 'Corvus frugilegus');
INSERT INTO `code_sp_crbpo` VALUES ('CORMON', 'Corvus monedula');
INSERT INTO `code_sp_crbpo` VALUES ('COTCOT', 'Coturnix coturnix');
INSERT INTO `code_sp_crbpo` VALUES ('CRECRE', 'Crex crex');
INSERT INTO `code_sp_crbpo` VALUES ('CUCCAN', 'Cuculus canorus');
INSERT INTO `code_sp_crbpo` VALUES ('CURCUR', 'Cursorius cursor');
INSERT INTO `code_sp_crbpo` VALUES ('CYGCOL', 'Cygnus columbianus');
INSERT INTO `code_sp_crbpo` VALUES ('CYGCYG', 'Cygnus cygnus');
INSERT INTO `code_sp_crbpo` VALUES ('CYGOLO', 'Cygnus olor');
INSERT INTO `code_sp_crbpo` VALUES ('DELURB', 'Delichon urbica');
INSERT INTO `code_sp_crbpo` VALUES ('DENLEU', 'Dendrocopos leucotos');
INSERT INTO `code_sp_crbpo` VALUES ('DENMAJ', 'Dendrocopos major');
INSERT INTO `code_sp_crbpo` VALUES ('DENMED', 'Dendrocopos medius');
INSERT INTO `code_sp_crbpo` VALUES ('DENMIN', 'Dendrocopos minor');
INSERT INTO `code_sp_crbpo` VALUES ('DENSYR', 'Dendrocopos syriacus');
INSERT INTO `code_sp_crbpo` VALUES ('DENVID', 'Dendrocygna viduata');
INSERT INTO `code_sp_crbpo` VALUES ('DENPET', 'Dendroica petechia');
INSERT INTO `code_sp_crbpo` VALUES ('DENSTR', 'Dendroica striata');
INSERT INTO `code_sp_crbpo` VALUES ('DRYMAR', 'Dryocopus martius');
INSERT INTO `code_sp_crbpo` VALUES ('EGRALB', 'Egretta alba');
INSERT INTO `code_sp_crbpo` VALUES ('EGRGAR', 'Egretta garzetta');
INSERT INTO `code_sp_crbpo` VALUES ('ELACAE', 'Elanus caeruleus');
INSERT INTO `code_sp_crbpo` VALUES ('EMBAUR', 'Emberiza aureola');
INSERT INTO `code_sp_crbpo` VALUES ('EMBCIA', 'Emberiza cia');
INSERT INTO `code_sp_crbpo` VALUES ('EMBCIR', 'Emberiza cirlus');
INSERT INTO `code_sp_crbpo` VALUES ('EMBCIT', 'Emberiza citrinella');
INSERT INTO `code_sp_crbpo` VALUES ('EMBHOR', 'Emberiza hortulana');
INSERT INTO `code_sp_crbpo` VALUES ('EMBLEU', 'Emberiza leucocephala');
INSERT INTO `code_sp_crbpo` VALUES ('EMBMEL', 'Emberiza melanocephala');
INSERT INTO `code_sp_crbpo` VALUES ('EMBPUS', 'Emberiza pusilla');
INSERT INTO `code_sp_crbpo` VALUES ('EMBSCH', 'Emberiza schoeniclus');
INSERT INTO `code_sp_crbpo` VALUES ('EREALP', 'Eremophila alpestris');
INSERT INTO `code_sp_crbpo` VALUES ('ERIRUB', 'Erithacus rubecula');
INSERT INTO `code_sp_crbpo` VALUES ('ESTMEL', 'Estrilda melpoda');
INSERT INTO `code_sp_crbpo` VALUES ('CHAMOR', 'Eudromias morinellus');
INSERT INTO `code_sp_crbpo` VALUES ('FALBIA', 'Falco biarmicus');
INSERT INTO `code_sp_crbpo` VALUES ('FALCOL', 'Falco columbarius');
INSERT INTO `code_sp_crbpo` VALUES ('FALELE', 'Falco eleonorae');
INSERT INTO `code_sp_crbpo` VALUES ('FALNAU', 'Falco naumanni');
INSERT INTO `code_sp_crbpo` VALUES ('FALPER', 'Falco peregrinus');
INSERT INTO `code_sp_crbpo` VALUES ('FALRUS', 'Falco rusticolus');
INSERT INTO `code_sp_crbpo` VALUES ('FALSUB', 'Falco subbuteo');
INSERT INTO `code_sp_crbpo` VALUES ('FALTIN', 'Falco tinnunculus');
INSERT INTO `code_sp_crbpo` VALUES ('FALVES', 'Falco vespertinus');
INSERT INTO `code_sp_crbpo` VALUES ('FICALB', 'Ficedula albicollis');
INSERT INTO `code_sp_crbpo` VALUES ('FICHYP', 'Ficedula hypoleuca');
INSERT INTO `code_sp_crbpo` VALUES ('FICPAR', 'Ficedula parva');
INSERT INTO `code_sp_crbpo` VALUES ('FRAARC', 'Fratercula arctica');
INSERT INTO `code_sp_crbpo` VALUES ('FREMAG', 'Fregata magnificens');
INSERT INTO `code_sp_crbpo` VALUES ('FRICOE', 'Fringilla coelebs');
INSERT INTO `code_sp_crbpo` VALUES ('FRIMON', 'Fringilla montifringilla');
INSERT INTO `code_sp_crbpo` VALUES ('FULATR', 'Fulica atra');
INSERT INTO `code_sp_crbpo` VALUES ('FULCRI', 'Fulica cristata');
INSERT INTO `code_sp_crbpo` VALUES ('FULGLA', 'Fulmarus glacialis');
INSERT INTO `code_sp_crbpo` VALUES ('GALCRI', 'Galerida cristata');
INSERT INTO `code_sp_crbpo` VALUES ('GALTHE', 'Galerida theklae');
INSERT INTO `code_sp_crbpo` VALUES ('GALGAL', 'Gallinago gallinago');
INSERT INTO `code_sp_crbpo` VALUES ('GALMED', 'Gallinago media');
INSERT INTO `code_sp_crbpo` VALUES ('GALCHL', 'Gallinula chloropus');
INSERT INTO `code_sp_crbpo` VALUES ('GARGLA', 'Garrulus glandarius');
INSERT INTO `code_sp_crbpo` VALUES ('GAVARC', 'Gavia arctica');
INSERT INTO `code_sp_crbpo` VALUES ('GAVIMM', 'Gavia immer');
INSERT INTO `code_sp_crbpo` VALUES ('GAVSTE', 'Gavia stellata');
INSERT INTO `code_sp_crbpo` VALUES ('GELNIL', 'Gelochelidon nilotica');
INSERT INTO `code_sp_crbpo` VALUES ('GLAPRA', 'Glareola pratincola');
INSERT INTO `code_sp_crbpo` VALUES ('GLAPAS', 'Glaucidium passerinum');
INSERT INTO `code_sp_crbpo` VALUES ('GRUGRU', 'Grus grus');
INSERT INTO `code_sp_crbpo` VALUES ('GYPBAR', 'Gypaetus barbatus');
INSERT INTO `code_sp_crbpo` VALUES ('GYPFUL', 'Gyps fulvus');
INSERT INTO `code_sp_crbpo` VALUES ('HAEOST', 'Haematopus ostralegus');
INSERT INTO `code_sp_crbpo` VALUES ('HALALB', 'Haliaeetus albicilla');
INSERT INTO `code_sp_crbpo` VALUES ('HIEFAS', 'Hieraaetus fasciatus');
INSERT INTO `code_sp_crbpo` VALUES ('HIEPEN', 'Hieraaetus pennatus');
INSERT INTO `code_sp_crbpo` VALUES ('HIMHIM', 'Himantopus himantopus');
INSERT INTO `code_sp_crbpo` VALUES ('HIPCAL', 'Hippolais caligata');
INSERT INTO `code_sp_crbpo` VALUES ('HIPICT', 'Hippolais icterina');
INSERT INTO `code_sp_crbpo` VALUES ('HIPOLI', 'Hippolais olivetorum');
INSERT INTO `code_sp_crbpo` VALUES ('HIPPAL', 'Hippolais pallida');
INSERT INTO `code_sp_crbpo` VALUES ('HIPPOL', 'Hippolais polyglotta');
INSERT INTO `code_sp_crbpo` VALUES ('HIRDAU', 'Hirundo daurica');
INSERT INTO `code_sp_crbpo` VALUES ('HIRRUS', 'Hirundo rustica');
INSERT INTO `code_sp_crbpo` VALUES ('HYDPEL', 'Hydrobates pelagicus');
INSERT INTO `code_sp_crbpo` VALUES ('IXOMIN', 'Ixobrychus minutus');
INSERT INTO `code_sp_crbpo` VALUES ('JYNTOR', 'Jynx torquilla');
INSERT INTO `code_sp_crbpo` VALUES ('LAGLAG', 'Lagopus lagopus');
INSERT INTO `code_sp_crbpo` VALUES ('LAGMUT', 'Lagopus mutus');
INSERT INTO `code_sp_crbpo` VALUES ('LANCOL', 'Lanius collurio');
INSERT INTO `code_sp_crbpo` VALUES ('LANEXC', 'Lanius excubitor');
INSERT INTO `code_sp_crbpo` VALUES ('LANISA', 'Lanius isabellinus');
INSERT INTO `code_sp_crbpo` VALUES ('LANMER', 'Lanius meridionalis');
INSERT INTO `code_sp_crbpo` VALUES ('LANMIN', 'Lanius minor');
INSERT INTO `code_sp_crbpo` VALUES ('LANNUB', 'Lanius nubicus');
INSERT INTO `code_sp_crbpo` VALUES ('LANSEN', 'Lanius senator');
INSERT INTO `code_sp_crbpo` VALUES ('LARARG', 'Larus argentatus');
INSERT INTO `code_sp_crbpo` VALUES ('LARATR', 'Larus atricilla');
INSERT INTO `code_sp_crbpo` VALUES ('LARAUD', 'Larus audouinii');
INSERT INTO `code_sp_crbpo` VALUES ('LARCAC', 'Larus cachinnans');
INSERT INTO `code_sp_crbpo` VALUES ('LARCAN', 'Larus canus');
INSERT INTO `code_sp_crbpo` VALUES ('LARFUS', 'Larus fuscus');
INSERT INTO `code_sp_crbpo` VALUES ('LARGEN', 'Larus genei');
INSERT INTO `code_sp_crbpo` VALUES ('LARGLA', 'Larus glaucoides');
INSERT INTO `code_sp_crbpo` VALUES ('LARHYP', 'Larus hyperboreus');
INSERT INTO `code_sp_crbpo` VALUES ('LARMAR', 'Larus marinus');
INSERT INTO `code_sp_crbpo` VALUES ('LARMEL', 'Larus melanocephalus');
INSERT INTO `code_sp_crbpo` VALUES ('LARMIN', 'Larus minutus');
INSERT INTO `code_sp_crbpo` VALUES ('LARRID', 'Larus ridibundus');
INSERT INTO `code_sp_crbpo` VALUES ('LARSAB', 'Larus sabini');
INSERT INTO `code_sp_crbpo` VALUES ('LEILUT', 'Leiothrix lutea');
INSERT INTO `code_sp_crbpo` VALUES ('LIMFAL', 'Limicola falcinellus');
INSERT INTO `code_sp_crbpo` VALUES ('LIMGRI', 'Limnodromus griseus');
INSERT INTO `code_sp_crbpo` VALUES ('LIMSCO', 'Limnodromus scolopaceus');
INSERT INTO `code_sp_crbpo` VALUES ('LIMLAP', 'Limosa lapponica');
INSERT INTO `code_sp_crbpo` VALUES ('LIMLIM', 'Limosa limosa');
INSERT INTO `code_sp_crbpo` VALUES ('LOCCER', 'Locustella certhiola');
INSERT INTO `code_sp_crbpo` VALUES ('LOCFAS', 'Locustella fasciolata');
INSERT INTO `code_sp_crbpo` VALUES ('LOCFLU', 'Locustella fluviatilis');
INSERT INTO `code_sp_crbpo` VALUES ('LOCLAN', 'Locustella lanceolata');
INSERT INTO `code_sp_crbpo` VALUES ('LOCLUS', 'Locustella luscinioides');
INSERT INTO `code_sp_crbpo` VALUES ('LOCNAE', 'Locustella naevia');
INSERT INTO `code_sp_crbpo` VALUES ('LONCUC', 'Lonchura cucullata');
INSERT INTO `code_sp_crbpo` VALUES ('LOXCUR', 'Loxia curvirostra');
INSERT INTO `code_sp_crbpo` VALUES ('LOXLEU', 'Loxia leucoptera');
INSERT INTO `code_sp_crbpo` VALUES ('LOXPYT', 'Loxia pytyopsittacus');
INSERT INTO `code_sp_crbpo` VALUES ('LULARB', 'Lullula arborea');
INSERT INTO `code_sp_crbpo` VALUES ('LUSLUS', 'Luscinia luscinia');
INSERT INTO `code_sp_crbpo` VALUES ('LUSMEG', 'Luscinia megarhynchos');
INSERT INTO `code_sp_crbpo` VALUES ('LUSSVE', 'Luscinia svecica');
INSERT INTO `code_sp_crbpo` VALUES ('LYMMIN', 'Lymnocryptes minimus');
INSERT INTO `code_sp_crbpo` VALUES ('MARANG', 'Marmaronetta angustirostris');
INSERT INTO `code_sp_crbpo` VALUES ('MELFUS', 'Melanitta fusca');
INSERT INTO `code_sp_crbpo` VALUES ('MELNIG', 'Melanitta nigra');
INSERT INTO `code_sp_crbpo` VALUES ('MELPER', 'Melanitta perspicillata');
INSERT INTO `code_sp_crbpo` VALUES ('MELCAL', 'Melanocorypha calandra');
INSERT INTO `code_sp_crbpo` VALUES ('MERALB', 'Mergus albellus');
INSERT INTO `code_sp_crbpo` VALUES ('MERMER', 'Mergus merganser');
INSERT INTO `code_sp_crbpo` VALUES ('MERSER', 'Mergus serrator');
INSERT INTO `code_sp_crbpo` VALUES ('MERAPI', 'Merops apiaster');
INSERT INTO `code_sp_crbpo` VALUES ('MILCAL', 'Miliaria calandra');
INSERT INTO `code_sp_crbpo` VALUES ('MILMIG', 'Milvus migrans');
INSERT INTO `code_sp_crbpo` VALUES ('MILMIL', 'Milvus milvus');
INSERT INTO `code_sp_crbpo` VALUES ('MONSAX', 'Monticola saxatilis');
INSERT INTO `code_sp_crbpo` VALUES ('MONSOL', 'Monticola solitarius');
INSERT INTO `code_sp_crbpo` VALUES ('MONNIV', 'Montifringilla nivalis');
INSERT INTO `code_sp_crbpo` VALUES ('MOTALB', 'Motacilla alba');
INSERT INTO `code_sp_crbpo` VALUES ('MOTCIN', 'Motacilla cinerea');
INSERT INTO `code_sp_crbpo` VALUES ('MOTCIT', 'Motacilla citreola');
INSERT INTO `code_sp_crbpo` VALUES ('MOTFLA', 'Motacilla flava');
INSERT INTO `code_sp_crbpo` VALUES ('MUSSTR', 'Muscicapa striata');
INSERT INTO `code_sp_crbpo` VALUES ('NEOPER', 'Neophron percnopterus');
INSERT INTO `code_sp_crbpo` VALUES ('NETRUF', 'Netta rufina');
INSERT INTO `code_sp_crbpo` VALUES ('NUCCAR', 'Nucifraga caryocatactes');
INSERT INTO `code_sp_crbpo` VALUES ('NUMARQ', 'Numenius arquata');
INSERT INTO `code_sp_crbpo` VALUES ('NUMPHA', 'Numenius phaeopus');
INSERT INTO `code_sp_crbpo` VALUES ('NUMTEN', 'Numenius tenuirostris');
INSERT INTO `code_sp_crbpo` VALUES ('NYCSCA', 'Nyctea scandiaca');
INSERT INTO `code_sp_crbpo` VALUES ('NYCNYC', 'Nycticorax nycticorax');
INSERT INTO `code_sp_crbpo` VALUES ('OCEOCE', 'Oceanites oceanicus');
INSERT INTO `code_sp_crbpo` VALUES ('OCELEU', 'Oceanodroma leucorhoa');
INSERT INTO `code_sp_crbpo` VALUES ('OENDES', 'Oenanthe deserti');
INSERT INTO `code_sp_crbpo` VALUES ('OENHIS', 'Oenanthe hispanica');
INSERT INTO `code_sp_crbpo` VALUES ('OENISA', 'Oenanthe isabellina');
INSERT INTO `code_sp_crbpo` VALUES ('OENLEU', 'Oenanthe leucura');
INSERT INTO `code_sp_crbpo` VALUES ('OENOEN', 'Oenanthe oenanthe');
INSERT INTO `code_sp_crbpo` VALUES ('OENPLE', 'Oenanthe pleschanka');
INSERT INTO `code_sp_crbpo` VALUES ('ORIORI', 'Oriolus oriolus');
INSERT INTO `code_sp_crbpo` VALUES ('OTITAR', 'Otis tarda');
INSERT INTO `code_sp_crbpo` VALUES ('OTUSCO', 'Otus scops');
INSERT INTO `code_sp_crbpo` VALUES ('OXYLEU', 'Oxyura leucocephala');
INSERT INTO `code_sp_crbpo` VALUES ('PANHAL', 'Pandion haliaetus');
INSERT INTO `code_sp_crbpo` VALUES ('PANBIA', 'Panurus biarmicus');
INSERT INTO `code_sp_crbpo` VALUES ('PARATE', 'Parus ater');
INSERT INTO `code_sp_crbpo` VALUES ('PARCAE', 'Parus caeruleus');
INSERT INTO `code_sp_crbpo` VALUES ('PARCIN', 'Parus cinctus');
INSERT INTO `code_sp_crbpo` VALUES ('PARCRI', 'Parus cristatus');
INSERT INTO `code_sp_crbpo` VALUES ('PARLUG', 'Parus lugubris');
INSERT INTO `code_sp_crbpo` VALUES ('PARMAJ', 'Parus major');
INSERT INTO `code_sp_crbpo` VALUES ('PARMON', 'Parus montanus');
INSERT INTO `code_sp_crbpo` VALUES ('PARPAL', 'Parus palustris');
INSERT INTO `code_sp_crbpo` VALUES ('PASDOM', 'Passer domesticus');
INSERT INTO `code_sp_crbpo` VALUES ('PASHIS', 'Passer hispaniolensis');
INSERT INTO `code_sp_crbpo` VALUES ('PASITA', 'Passer italiae');
INSERT INTO `code_sp_crbpo` VALUES ('PASMON', 'Passer montanus');
INSERT INTO `code_sp_crbpo` VALUES ('PELCRI', 'Pelecanus crispus');
INSERT INTO `code_sp_crbpo` VALUES ('PELONO', 'Pelecanus onocrotalus');
INSERT INTO `code_sp_crbpo` VALUES ('PERPER', 'Perdix perdix');
INSERT INTO `code_sp_crbpo` VALUES ('PERAPI', 'Pernis apivorus');
INSERT INTO `code_sp_crbpo` VALUES ('PETPET', 'Petronia petronia');
INSERT INTO `code_sp_crbpo` VALUES ('PHAARI', 'Phalacrocorax aristotelis');
INSERT INTO `code_sp_crbpo` VALUES ('PHACAR', 'Phalacrocorax carbo');
INSERT INTO `code_sp_crbpo` VALUES ('PHAPYG', 'Phalacrocorax pygmeus');
INSERT INTO `code_sp_crbpo` VALUES ('PHAFUL', 'Phalaropus fulicarius');
INSERT INTO `code_sp_crbpo` VALUES ('PHALOB', 'Phalaropus lobatus');
INSERT INTO `code_sp_crbpo` VALUES ('PHATRI', 'Phalaropus tricolor');
INSERT INTO `code_sp_crbpo` VALUES ('PHACOL', 'Phasianus colchicus');
INSERT INTO `code_sp_crbpo` VALUES ('PHIPUG', 'Philomachus pugnax');
INSERT INTO `code_sp_crbpo` VALUES ('PHORUB', 'Phoenicopterus ruber');
INSERT INTO `code_sp_crbpo` VALUES ('PHOMOU', 'Phoenicurus moussieri');
INSERT INTO `code_sp_crbpo` VALUES ('PHOOCH', 'Phoenicurus ochruros');
INSERT INTO `code_sp_crbpo` VALUES ('PHOPHO', 'Phoenicurus phoenicurus');
INSERT INTO `code_sp_crbpo` VALUES ('PHYBON', 'Phylloscopus bonelli');
INSERT INTO `code_sp_crbpo` VALUES ('PHYBOR', 'Phylloscopus borealis');
INSERT INTO `code_sp_crbpo` VALUES ('PHYCOL', 'Phylloscopus collybita');
INSERT INTO `code_sp_crbpo` VALUES ('PHYFUS', 'Phylloscopus fuscatus');
INSERT INTO `code_sp_crbpo` VALUES ('PHYINO', 'Phylloscopus inornatus');
INSERT INTO `code_sp_crbpo` VALUES ('PHYPRO', 'Phylloscopus proregulus');
INSERT INTO `code_sp_crbpo` VALUES ('PHYSCH', 'Phylloscopus schwarzi');
INSERT INTO `code_sp_crbpo` VALUES ('PHYSIB', 'Phylloscopus sibilatrix');
INSERT INTO `code_sp_crbpo` VALUES ('PHYDES', 'Phylloscopus trochiloides');
INSERT INTO `code_sp_crbpo` VALUES ('PHYLUS', 'Phylloscopus trochilus');
INSERT INTO `code_sp_crbpo` VALUES ('PICPIC', 'Pica pica');
INSERT INTO `code_sp_crbpo` VALUES ('PICTRI', 'Picoides tridactylus');
INSERT INTO `code_sp_crbpo` VALUES ('PICCAN', 'Picus canus');
INSERT INTO `code_sp_crbpo` VALUES ('PICVIR', 'Picus viridis');
INSERT INTO `code_sp_crbpo` VALUES ('PLALEU', 'Platalea leucorodia');
INSERT INTO `code_sp_crbpo` VALUES ('PLENIV', 'Plectrophenax nivalis');
INSERT INTO `code_sp_crbpo` VALUES ('PLEFAL', 'Plegadis falcinellus');
INSERT INTO `code_sp_crbpo` VALUES ('PLOCUC', 'Ploceus cucullatus');
INSERT INTO `code_sp_crbpo` VALUES ('PLOLUT', 'Ploceus luteolus');
INSERT INTO `code_sp_crbpo` VALUES ('PLONIG', 'Ploceus nigerrimus');
INSERT INTO `code_sp_crbpo` VALUES ('PLUAPR', 'Pluvialis apricaria');
INSERT INTO `code_sp_crbpo` VALUES ('PLUSQU', 'Pluvialis squatarola ');
INSERT INTO `code_sp_crbpo` VALUES ('PODAUR', 'Podiceps auritus ');
INSERT INTO `code_sp_crbpo` VALUES ('PODCRI', 'Podiceps cristatus ');
INSERT INTO `code_sp_crbpo` VALUES ('PODGRI', 'Podiceps grisegena');
INSERT INTO `code_sp_crbpo` VALUES ('PODNIG', 'Podiceps nigricollis ');
INSERT INTO `code_sp_crbpo` VALUES ('PORRIO', 'Porphyrio porphyrio ');
INSERT INTO `code_sp_crbpo` VALUES ('PORCAR', 'Porzana carolina ');
INSERT INTO `code_sp_crbpo` VALUES ('PORPAR', 'Porzana parva');
INSERT INTO `code_sp_crbpo` VALUES ('PORPOR', 'Porzana porzana ');
INSERT INTO `code_sp_crbpo` VALUES ('PORPUS', 'Porzana pusilla');
INSERT INTO `code_sp_crbpo` VALUES ('PRUCOL', 'Prunella collaris');
INSERT INTO `code_sp_crbpo` VALUES ('PRUMOD', 'Prunella modularis ');
INSERT INTO `code_sp_crbpo` VALUES ('PTEALC', 'Pterocles alchata ');
INSERT INTO `code_sp_crbpo` VALUES ('PTEORI', 'Pterocles orientalis');
INSERT INTO `code_sp_crbpo` VALUES ('PTYRUP', 'Ptyonoprogne rupestris');
INSERT INTO `code_sp_crbpo` VALUES ('PUFASS', 'Puffinus assimilis');
INSERT INTO `code_sp_crbpo` VALUES ('PUFGRA', 'Puffinus gravis');
INSERT INTO `code_sp_crbpo` VALUES ('PUFGR', 'Puffinus griseus');
INSERT INTO `code_sp_crbpo` VALUES ('PUFPUF', 'Puffinus puffinus');
INSERT INTO `code_sp_crbpo` VALUES ('PUFYEL', 'Puffinus yelkouan');
INSERT INTO `code_sp_crbpo` VALUES ('PYCBAR', 'Pycnonotus barbatus');
INSERT INTO `code_sp_crbpo` VALUES ('PYRGRA', 'Pyrrhocorax graculus ');
INSERT INTO `code_sp_crbpo` VALUES ('PYRRAX', 'Pyrrhocorax pyrrhocorax ');
INSERT INTO `code_sp_crbpo` VALUES ('PYRULA', 'Pyrrhula pyrrhula ');
INSERT INTO `code_sp_crbpo` VALUES ('RALAQU', 'Rallus aquaticus ');
INSERT INTO `code_sp_crbpo` VALUES ('RECAVO', 'Recurvirostra avosetta ');
INSERT INTO `code_sp_crbpo` VALUES ('REGIGN', 'Regulus ignicapillus');
INSERT INTO `code_sp_crbpo` VALUES ('REGREG', 'Regulus regulus ');
INSERT INTO `code_sp_crbpo` VALUES ('REMPEN', 'Remiz pendulinus ');
INSERT INTO `code_sp_crbpo` VALUES ('RIPRIP', 'Riparia riparia ');
INSERT INTO `code_sp_crbpo` VALUES ('RISTRI', 'Rissa tridactyla ');
INSERT INTO `code_sp_crbpo` VALUES ('SAXRUB', 'Saxicola rubetra ');
INSERT INTO `code_sp_crbpo` VALUES ('SAXTOR', 'Saxicola torquata ');
INSERT INTO `code_sp_crbpo` VALUES ('SCORUS', 'Scolopax rusticola ');
INSERT INTO `code_sp_crbpo` VALUES ('SERCIT', 'Serinus citrinella');
INSERT INTO `code_sp_crbpo` VALUES ('SERSER', 'Serinus serinus ');
INSERT INTO `code_sp_crbpo` VALUES ('SITEUR', 'Sitta europaea ');
INSERT INTO `code_sp_crbpo` VALUES ('SITWHI', 'Sitta whiteheadi ');
INSERT INTO `code_sp_crbpo` VALUES ('SOMMOL', 'Somateria mollissima ');
INSERT INTO `code_sp_crbpo` VALUES ('STELON', 'Stercorarius longicaudus ');
INSERT INTO `code_sp_crbpo` VALUES ('STECUS', 'Stercorarius parasiticus ');
INSERT INTO `code_sp_crbpo` VALUES ('STEPOM', 'Stercorarius pomarinus ');
INSERT INTO `code_sp_crbpo` VALUES ('STESKU', 'Stercorarius skua ');
INSERT INTO `code_sp_crbpo` VALUES ('STEALB', 'Sterna albifrons ');
INSERT INTO `code_sp_crbpo` VALUES ('STEANA', 'Sterna anaethetus ');
INSERT INTO `code_sp_crbpo` VALUES ('STEBEN', 'Sterna bengalensis ');
INSERT INTO `code_sp_crbpo` VALUES ('STECAS', 'Sterna caspia');
INSERT INTO `code_sp_crbpo` VALUES ('STEDOU', 'Sterna dougallii ');
INSERT INTO `code_sp_crbpo` VALUES ('STEELE', 'Sterna elegans ');
INSERT INTO `code_sp_crbpo` VALUES ('STEFUS', 'Sterna fuscata ');
INSERT INTO `code_sp_crbpo` VALUES ('STEHIR', 'Sterna hirundo ');
INSERT INTO `code_sp_crbpo` VALUES ('STEMAX', 'Sterna maxima');
INSERT INTO `code_sp_crbpo` VALUES ('STEPAR', 'Sterna paradisaea ');
INSERT INTO `code_sp_crbpo` VALUES ('STESAN', 'Sterna sandvicensis ');
INSERT INTO `code_sp_crbpo` VALUES ('STRDEC', 'Streptopelia decaocto ');
INSERT INTO `code_sp_crbpo` VALUES ('STRORI', 'Streptopelia orientalis');
INSERT INTO `code_sp_crbpo` VALUES ('STRSEN', 'Streptopelia senegalensis');
INSERT INTO `code_sp_crbpo` VALUES ('STRTUR', 'Streptopelia turtur ');
INSERT INTO `code_sp_crbpo` VALUES ('STRALU', 'Strix aluco ');
INSERT INTO `code_sp_crbpo` VALUES ('STRNEB', 'Strix nebulosa');
INSERT INTO `code_sp_crbpo` VALUES ('STUUNI', 'Sturnus unicolor');
INSERT INTO `code_sp_crbpo` VALUES ('STUVUL', 'Sturnus vulgaris ');
INSERT INTO `code_sp_crbpo` VALUES ('SULBAS', 'Sula bassana ');
INSERT INTO `code_sp_crbpo` VALUES ('SURULU', 'Surnia ulula ');
INSERT INTO `code_sp_crbpo` VALUES ('SYLATR', 'Sylvia atricapilla ');
INSERT INTO `code_sp_crbpo` VALUES ('SYLBOR', 'Sylvia borin');
INSERT INTO `code_sp_crbpo` VALUES ('SYLCAN', 'Sylvia cantillans');
INSERT INTO `code_sp_crbpo` VALUES ('SYLCOM', 'Sylvia communis');
INSERT INTO `code_sp_crbpo` VALUES ('SYLCON', 'Sylvia conspicillata');
INSERT INTO `code_sp_crbpo` VALUES ('SYLCUR', 'Sylvia curruca ');
INSERT INTO `code_sp_crbpo` VALUES ('SYLHOR', 'Sylvia hortensis');
INSERT INTO `code_sp_crbpo` VALUES ('SYLMEL', 'Sylvia melanocephala');
INSERT INTO `code_sp_crbpo` VALUES ('SYLNIS', 'Sylvia nisoria');
INSERT INTO `code_sp_crbpo` VALUES ('SYLSAR', 'Sylvia sarda ');
INSERT INTO `code_sp_crbpo` VALUES ('SYLUND', 'Sylvia undata');
INSERT INTO `code_sp_crbpo` VALUES ('TACRUF', 'Tachybaptus ruficollis');
INSERT INTO `code_sp_crbpo` VALUES ('TADFER', 'Tadorna ferruginea');
INSERT INTO `code_sp_crbpo` VALUES ('TADTAD', 'Tadorna tadorna ');
INSERT INTO `code_sp_crbpo` VALUES ('TETTET', 'Tetrao tetrix ');
INSERT INTO `code_sp_crbpo` VALUES ('TETURO', 'Tetrao urogallus ');
INSERT INTO `code_sp_crbpo` VALUES ('TETRAX', 'Tetrax tetrax ');
INSERT INTO `code_sp_crbpo` VALUES ('THRAET', 'Threskiornis aethiopicus');
INSERT INTO `code_sp_crbpo` VALUES ('TICMUR', 'Tichodroma muraria');
INSERT INTO `code_sp_crbpo` VALUES ('TORTRA', 'Torgos tracheliotus');
INSERT INTO `code_sp_crbpo` VALUES ('TRICIN', 'Tringa cinerea');
INSERT INTO `code_sp_crbpo` VALUES ('TRIERY', 'Tringa erythropus');
INSERT INTO `code_sp_crbpo` VALUES ('TRIFLA', 'Tringa flavipes');
INSERT INTO `code_sp_crbpo` VALUES ('TRIGLA', 'Tringa glareola ');
INSERT INTO `code_sp_crbpo` VALUES ('TRIMEL', 'Tringa melanoleuca');
INSERT INTO `code_sp_crbpo` VALUES ('TRINEB', 'Tringa nebularia ');
INSERT INTO `code_sp_crbpo` VALUES ('TRIOCH', 'Tringa ochropus ');
INSERT INTO `code_sp_crbpo` VALUES ('TRISOL', 'Tringa solitaria ');
INSERT INTO `code_sp_crbpo` VALUES ('TRISTA', 'Tringa stagnatilis ');
INSERT INTO `code_sp_crbpo` VALUES ('TRITOT', 'Tringa totanus ');
INSERT INTO `code_sp_crbpo` VALUES ('TROTRO', 'Troglodytes troglodytes ');
INSERT INTO `code_sp_crbpo` VALUES ('TRYSUB', 'Tryngites subruficollis ');
INSERT INTO `code_sp_crbpo` VALUES ('TURILI', 'Turdus iliacus ');
INSERT INTO `code_sp_crbpo` VALUES ('TURMER', 'Turdus merula ');
INSERT INTO `code_sp_crbpo` VALUES ('TURNAU', 'Turdus naumanni ');
INSERT INTO `code_sp_crbpo` VALUES ('TURPHI', 'Turdus philomelos ');
INSERT INTO `code_sp_crbpo` VALUES ('TURPIL', 'Turdus pilaris ');
INSERT INTO `code_sp_crbpo` VALUES ('TURRUF', 'Turdus ruficollis ');
INSERT INTO `code_sp_crbpo` VALUES ('TURTOR', 'Turdus torquatus ');
INSERT INTO `code_sp_crbpo` VALUES ('TURVIS', 'Turdus viscivorus ');
INSERT INTO `code_sp_crbpo` VALUES ('TYTALB', 'Tyto alba');
INSERT INTO `code_sp_crbpo` VALUES ('UPUEPO', 'Upupa epops ');
INSERT INTO `code_sp_crbpo` VALUES ('URIAAL', 'Uria aalge');
INSERT INTO `code_sp_crbpo` VALUES ('URILOM', 'Uria lomvia ');
INSERT INTO `code_sp_crbpo` VALUES ('VANVAN', 'Vanellus vanellus ');
INSERT INTO `espece` VALUES ('1', 'Struthio camelus', 'Autruche d\'Afrique', 'Ostrich', 'STRUTHIONIDAE', 'Struthio', null, null, null, null, null);
INSERT INTO `espece` VALUES ('2', 'Dendrocygna bicolor', 'Dendrocygne fauve', 'Fulvus Whistling Duck', 'ANATIDAE ', 'Dendrocygna', 'E', null, null, null, null);
INSERT INTO `espece` VALUES ('3', 'Dendrocygna javanica', 'Dendrocygne siffleur', 'Lesser Whistling Duck', 'ANATIDAE ', 'Dendrocygna', null, null, null, null, null);
INSERT INTO `espece` VALUES ('4', 'Cygnus olor', 'Cygne tubercul', 'Mute Swan', 'ANATIDAE ', 'Cygnus', 'AC', 'NS', 'M', 'H', null);
INSERT INTO `espece` VALUES ('5', 'Cygnus atratus', 'Cygne noir', 'Black Swan', 'ANATIDAE ', 'Cygnus', 'E', null, null, null, null);
INSERT INTO `espece` VALUES ('6', 'Cygnus  columbianus', 'Cygne de Bewick', 'Bewick\'s Swan', 'ANATIDAE ', 'Cygnus', 'A', null, null, 'HR', null);
INSERT INTO `espece` VALUES ('7', 'Cygnus cygnus', 'Cygne chanteur', 'Whooper Swan', 'ANATIDAE ', 'Cygnus', 'A', null, null, 'HR', null);
INSERT INTO `espece` VALUES ('8', 'Anser fabalis', 'Oie des moissons ', 'Bean Goose', 'ANATIDAE ', 'Anser', 'A', null, null, 'H', null);
INSERT INTO `espece` VALUES ('9', 'Anser brachyrhynchus', 'Oie  bec court', 'Pink-footed Goose', 'ANATIDAE ', 'Anser', 'A', null, null, 'HO', null);
INSERT INTO `espece` VALUES ('10', 'Anser albifrons', 'Oie rieuse', 'White-fronted Goose', 'ANATIDAE ', 'Anser', 'A', null, null, 'HR', null);
INSERT INTO `espece` VALUES ('11', 'Anser erythropus', 'Oie naine', 'Lesser White-fronted Goose', 'ANATIDAE ', 'Anser', 'A', null, null, 'HO', null);
INSERT INTO `espece` VALUES ('12', 'Anser anser', 'Oie cendre', 'Greylag Goose', 'ANATIDAE ', 'Anser', 'AC', 'N', 'M', 'H', null);
INSERT INTO `espece` VALUES ('13', 'Anser indicus', 'Oie  tte barre', 'Bar-headed Goose', 'ANATIDAE ', 'Anser', 'E', null, null, null, null);
INSERT INTO `espece` VALUES ('14', 'Anser caerulescens', 'Oie des neiges', 'Snow Goose', 'ANATIDAE ', 'Anser', 'BD', null, null, 'HO', null);
INSERT INTO `espece` VALUES ('15', 'Anser rossii', 'Oie de Ross', 'Ross\'s Goose', 'ANATIDAE ', 'Anser', null, null, null, null, null);
INSERT INTO `espece` VALUES ('16', 'Branta canadensis', 'Bernache du Canada', 'Greater Canada Goose', 'ANATIDAE ', 'Branta', 'C', 'N', 'M', 'H', null);
INSERT INTO `espece` VALUES ('17', 'Branta hutchinsii', 'Bernache de Hutchins', 'Lesser Canada Goose', 'ANATIDAE ', 'Branta', null, null, null, null, null);
INSERT INTO `espece` VALUES ('18', 'Branta leucopsis', 'Bernache nonnette', 'Barnacle Goose', 'ANATIDAE ', 'Branta', 'AC', 'NO', null, 'HR', null);
INSERT INTO `espece` VALUES ('19', 'Branta bernicla', 'Bernache cravant', 'Brent Goose', 'ANATIDAE ', 'Branta', 'A', null, 'M', 'H', null);
INSERT INTO `espece` VALUES ('20', 'Branta ruficollis', 'Bernache  cou roux', 'Red-breasted Goose', 'ANATIDAE ', 'Branta', 'A', null, 'MO', 'HO', null);
INSERT INTO `espece` VALUES ('21', 'Alopochen aegyptiaca', 'Ouette d\'Egypte', 'Egyptian Goose', 'ANATIDAE ', 'Alopochen', 'BC', 'NR', 'MR', 'HR', null);
INSERT INTO `espece` VALUES ('22', 'Tadorna ferruginea', 'Tadorne casarca', 'Ruddy Shelduck', 'ANATIDAE ', 'Tadorna', 'BC', 'NR', 'MR', 'HR', null);
INSERT INTO `espece` VALUES ('23', 'Tadorna tadorna', 'Tadorne de Belon', 'Common Shelduck', 'ANATIDAE ', 'Tadorna', 'A', 'N', 'M', 'H', null);
INSERT INTO `espece` VALUES ('24', 'Plectropterus gambensis', 'Oie-arme de Gambie', 'Spur-winged Goose', 'ANATIDAE ', 'Plectropterus', null, null, null, null, null);
INSERT INTO `espece` VALUES ('25', 'Nettapus coromandelianus', 'Anserelle de Coromandel', 'Cotton Pygmy-goose', 'ANATIDAE ', 'Nettapus', null, null, null, null, null);
INSERT INTO `espece` VALUES ('26', 'Aix sponsa', 'Canard carolin', 'Wood Duck', 'ANATIDAE ', 'Aix', 'E', 'NO', null, null, null);
INSERT INTO `espece` VALUES ('27', 'Aix galericulata', 'Canard mandarin', 'Mandarin Duck', 'ANATIDAE ', 'Aix', 'C', 'NR', 'MR', 'HR', null);
INSERT INTO `espece` VALUES ('28', 'Anas penelope', 'Canard siffleur', 'Eurasian Wigeon', 'ANATIDAE ', 'Anas', 'A', 'NO', 'M', 'H', null);
INSERT INTO `espece` VALUES ('29', 'Anas americana', 'Canard  front blanc', 'American Wigeon', 'ANATIDAE ', 'Anas', 'A', null, 'MO', 'HO', null);
INSERT INTO `espece` VALUES ('30', 'Anas falcata', 'Canard  faucilles', 'Falcated Duck', 'ANATIDAE ', 'Anas', 'D', null, 'MO', null, null);
INSERT INTO `espece` VALUES ('31', 'Anas strepera', 'Canard chipeau', 'Gadwall', 'ANATIDAE ', 'Anas', 'A', 'N', 'M', 'H', null);
INSERT INTO `espece` VALUES ('32', 'Anas formosa', 'Sarcelle lgante', 'Baikal Teal', 'ANATIDAE ', 'Anas', 'BD', null, 'MO', 'HO', null);
INSERT INTO `espece` VALUES ('33', 'Anas crecca', 'Sarcelle d\'hiver', 'Eurasian Teal', 'ANATIDAE ', 'Anas', 'A', 'N', 'M', 'H', null);
INSERT INTO `espece` VALUES ('34', 'Anas carolinensis', 'Sarcelle  ailes vertes', 'Green-winged Teal', 'ANATIDAE ', 'Anas', 'A', null, 'MO', 'HO', null);
INSERT INTO `espece` VALUES ('35', 'Anas capensis', 'Canard du Cap', 'Cape Teal', 'ANATIDAE ', 'Anas', null, null, null, null, null);
INSERT INTO `espece` VALUES ('36', 'Anas platyrhynchos', 'Canard colvert', 'Mallard', 'ANATIDAE ', 'Anas', 'AC', 'N', 'M', 'H', null);
INSERT INTO `espece` VALUES ('37', 'Anas rubripes', 'Canard noir', 'Black Duck', 'ANATIDAE ', 'Anas', 'A', null, 'MO', 'HO', null);
INSERT INTO `espece` VALUES ('38', 'Anas acuta', 'Canard pilet', 'Pintail', 'ANATIDAE ', 'Anas', 'A', 'NO', 'M', 'H', null);
INSERT INTO `espece` VALUES ('39', 'Anas erythrorhyncha', 'Canard  bec rouge', 'Red-billed Teal', 'ANATIDAE ', 'Anas', null, null, null, null, null);
INSERT INTO `espece` VALUES ('40', 'Anas querquedula', 'Sarcelle d\'t', 'Garganey', 'ANATIDAE ', 'Anas', 'A', 'N', 'M', 'HO', null);
INSERT INTO `espece` VALUES ('41', 'Anas discors', 'Sarcelle  ailes bleues', 'Blue-winged Teal', 'ANATIDAE ', 'Anas', 'A', null, 'MO', 'HO', null);
INSERT INTO `espece` VALUES ('42', 'Anas smithii', 'Canard de Smith', 'Cape Shoveler', 'ANATIDAE ', 'Anas', null, null, null, null, null);
INSERT INTO `espece` VALUES ('43', 'Anas clypeata', 'Canard souchet', 'Shoveler', 'ANATIDAE ', 'Anas', 'A', 'N', 'M', 'H', null);
INSERT INTO `espece` VALUES ('44', 'Marmaronetta angustirostris', 'Sarcelle marbre', 'Marbled Duck', 'ANATIDAE ', 'Marmaronetta', 'A', 'NO', 'MO', null, null);
INSERT INTO `espece` VALUES ('45', 'Netta rufina', 'Nette rousse', 'Red-crested Pochard', 'ANATIDAE ', 'Netta', 'A', 'N', 'M', 'H', null);
INSERT INTO `espece` VALUES ('46', 'Netta erythrophthalma', 'Nette brune', 'Southern Pochard', 'ANATIDAE ', 'Netta', null, null, null, null, null);
INSERT INTO `espece` VALUES ('47', 'Aythya ferina', 'Fuligule milouin', 'Common Pochard', 'ANATIDAE ', 'Aythya', 'A', 'N', 'M', 'H', null);
INSERT INTO `espece` VALUES ('48', 'Aythya valisineria', 'Fuligule  dos blanc', 'Canvasback', 'ANATIDAE ', 'Aythya', 'E', null, null, null, null);
INSERT INTO `espece` VALUES ('49', 'Aythya americana', 'Fuligule  tte rouge', 'Redhead', 'ANATIDAE ', 'Aythya', null, null, null, null, null);
INSERT INTO `espece` VALUES ('50', 'Aythya collaris', 'Fuligule  bec cercl', 'Ring-necked Duck', 'ANATIDAE ', 'Aythya', 'A', null, 'MR', 'HR', null);
INSERT INTO `espece` VALUES ('51', 'Aythya nyroca', 'Fuligule nyroca', 'Ferruginous Duck', 'ANATIDAE ', 'Aythya', 'A', 'NO', 'M', 'HR', null);
INSERT INTO `espece` VALUES ('52', 'Aythya fuligula', 'Fuligule morillon', 'Tufted Duck', 'ANATIDAE ', 'Aythya', 'A', 'N', 'M', 'H', null);
INSERT INTO `espece` VALUES ('53', 'Aythya marila', 'Fuligule milouinan', 'Greater Scaup', 'ANATIDAE ', 'Aythya', 'A', null, 'M', 'H', null);
INSERT INTO `espece` VALUES ('54', 'Aythya affinis', 'Fuligule  tte noire', 'Lesser Scaup', 'ANATIDAE ', 'Aythya', 'A', null, null, 'HO', null);
INSERT INTO `espece` VALUES ('55', 'Somateria mollissima', 'Eider  duvet', 'Common Eider', 'ANATIDAE ', 'Somateria', 'A', 'NR', 'M', 'H', null);
INSERT INTO `espece` VALUES ('56', 'Somateria spectabilis', 'Eider  tte grise', 'King Eider', 'ANATIDAE ', 'Somateria', 'A', null, null, 'HO', null);
INSERT INTO `espece` VALUES ('57', 'Somateria fischeri', 'Eider  lunettes', 'Spectacled Eider', 'ANATIDAE ', 'Somateria', null, null, null, null, null);
INSERT INTO `espece` VALUES ('58', 'Polysticta stelleri', 'Eider de Steller', 'Steller\'s Eider', 'ANATIDAE ', 'Polysticta', 'B', null, null, 'HO', null);
INSERT INTO `espece` VALUES ('59', 'Histrionicus histrionicus', 'Arlequin plongeur', 'Harlequin Duck', 'ANATIDAE ', 'Histrionicus', 'D', null, null, 'HO', null);
INSERT INTO `espece` VALUES ('60', 'Clangula hyemalis', 'Harelde borale', 'Long-tailed Duck', 'ANATIDAE ', 'Clangula', 'A', null, null, 'HR', null);
INSERT INTO `espece` VALUES ('61', 'Melanitta nigra', 'Macreuse noire', 'Common Scoter', 'ANATIDAE ', 'Melanitta', 'A', null, 'M', 'H', null);
INSERT INTO `espece` VALUES ('62', 'Melanitta americana', 'Macreuse  bec jaune', 'Black Scoter', 'ANATIDAE ', 'Melanitta', 'A', null, null, 'HO', null);
INSERT INTO `espece` VALUES ('63', 'Melanitta perspicillata', 'Macreuse  front blanc', 'Surf Scoter', 'ANATIDAE ', 'Melanitta', 'A', null, 'MO', 'HO', null);
INSERT INTO `espece` VALUES ('64', 'Melanitta fusca', 'Macreuse brune', 'Velvet Scoter', 'ANATIDAE ', 'Melanitta', 'A', null, 'M', 'H', null);
INSERT INTO `espece` VALUES ('65', 'Melanitta deglandi', 'Macreuse  ailes blanches', 'White-winged Scoter', 'ANATIDAE ', 'Melanitta', 'B', null, null, 'HO', null);
INSERT INTO `espece` VALUES ('66', 'Bucephala albeola', 'Garrot albole', 'Bufflehead', 'ANATIDAE ', 'Bucephala', 'A', null, null, 'HO', null);
INSERT INTO `espece` VALUES ('67', 'Bucephala islandica', 'Garrot d\'Islande', 'Barrow\'s Goldeneye', 'ANATIDAE ', 'Bucephala', 'A', null, null, 'HO', null);
INSERT INTO `espece` VALUES ('68', 'Bucephala clangula', 'Garrot  il d\'or', 'Common Goldeneye', 'ANATIDAE ', 'Bucephala', 'A', 'NO', 'M', 'H', null);
INSERT INTO `espece` VALUES ('69', 'Lophodytes cucullatus', 'Harle couronn', 'Hooded Merganser', 'ANATIDAE ', 'Lophodytes', 'D', null, 'MO', null, null);
INSERT INTO `espece` VALUES ('70', 'Mergellus albellus', 'Harle piette', 'Smew', 'ANATIDAE ', 'Mergellus', 'A', null, 'M', 'H', null);
INSERT INTO `espece` VALUES ('71', 'Mergus serrator', 'Harle hupp', 'Red-breasted Merganser', 'ANATIDAE ', 'Mergus', 'A', 'NO', 'M', 'H', null);
INSERT INTO `espece` VALUES ('72', 'Mergus merganser', 'Harle bivre', 'Goosander', 'ANATIDAE ', 'Mergus', 'A', 'N', 'M', 'H', null);
INSERT INTO `espece` VALUES ('73', 'Oxyura jamaicensis', 'rismature rousse', 'Ruddy Duck', 'ANATIDAE ', 'Oxyura', 'C', 'NR', 'MR', 'HR', null);
INSERT INTO `espece` VALUES ('74', 'Oxyura leucocephala', 'rismature  tte blanche', 'White-headed Duck', 'ANATIDAE ', 'Oxyura', 'A', 'NO', 'MO', 'HO', null);
INSERT INTO `espece` VALUES ('75', 'Bonasa bonasia', 'Glinotte des bois', 'Hazel Grouse', 'TETRAONIDAE', 'Bonasa', 'A', 'NS', null, null, null);
INSERT INTO `espece` VALUES ('76', 'Lagopus lagopus ', 'Lagopde des saules', 'Willow Groose/Red Groose', 'TETRAONIDAE', 'Lagopus', 'E', null, null, null, null);
INSERT INTO `espece` VALUES ('77', 'Lagopus muta', 'Lagopde alpin', 'Ptarmigan', 'TETRAONIDAE', 'Lagopus', 'A', 'NS', null, null, null);
INSERT INTO `espece` VALUES ('78', 'Tetrao tetrix', 'Ttras lyre', 'Black Grouse', 'TETRAONIDAE', 'Tetrao', 'A', 'NS', null, null, null);
INSERT INTO `espece` VALUES ('79', 'Tetrao mlokosiewiczi', 'Ttras du Caucase', 'Caucasian Black Grouse', 'TETRAONIDAE', 'Tetrao', null, null, null, null, null);
INSERT INTO `espece` VALUES ('80', 'Tetrao urogallus', 'Grand Ttras', 'Capercaillie', 'TETRAONIDAE', 'Tetrao', 'A', 'NS', null, null, null);
INSERT INTO `espece` VALUES ('81', 'Callipepla californica', 'Colin de Californie', 'California Quail', 'PHASIANIDAE', 'Callipepla', 'C', 'NS', null, null, null);
INSERT INTO `espece` VALUES ('82', 'Colinus virginianus', 'Colin de Virginie', 'Northern Bobwhite', 'PHASIANIDAE', 'Colinus', 'C', 'NS', null, null, null);
INSERT INTO `espece` VALUES ('83', 'Tetraogallus caucasicus', 'Ttraogalle du Caucase', 'Caucasian Snowcock', 'PHASIANIDAE', 'Tetraogallus', null, null, null, null, null);
INSERT INTO `espece` VALUES ('84', 'Tetraogallus caspius', 'Ttraogalle de Perse', 'Caspian Snowcock', 'PHASIANIDAE', 'Tetraogallus', null, null, null, null, null);
INSERT INTO `espece` VALUES ('85', 'Alectoris chukar', 'Perdrix choukar', 'Chukar Partridge', 'PHASIANIDAE', 'Alectoris', 'E', 'NO', null, null, null);
INSERT INTO `espece` VALUES ('86', 'Alectoris graeca', 'Perdrix bartavelle', 'Rock Partridge', 'PHASIANIDAE', 'Alectoris', 'A', 'NS', null, null, null);
INSERT INTO `espece` VALUES ('87', 'Alectoris rufa', 'Perdrix rouge', 'Red-legged Partridge', 'PHASIANIDAE', 'Alectoris', 'A', 'NS', null, null, null);
INSERT INTO `espece` VALUES ('88', 'Alectoris barbara', 'Perdrix gambra', 'Barbary Partridge', 'PHASIANIDAE', 'Alectoris', 'E', null, null, null, null);
INSERT INTO `espece` VALUES ('89', 'Ammoperdix griseogularis', 'Perdrix si-si', 'See-see Partridge', 'PHASIANIDAE', 'Ammoperdix', null, null, null, null, null);
INSERT INTO `espece` VALUES ('90', 'Ammoperdix heyi', 'Perdrix de Hey', 'Sand Partridge', 'PHASIANIDAE', 'Ammoperdix', null, null, null, null, null);
INSERT INTO `espece` VALUES ('91', 'Francolinus francolinus', 'Francolin noir', 'Black Francolin', 'PHASIANIDAE', 'Francolinus', null, null, null, null, null);
INSERT INTO `espece` VALUES ('92', 'Francolinus bicalcaratus', 'Francolin  double peron', 'Double-spurred Francolin', 'PHASIANIDAE', 'Francolinus', null, null, null, null, null);
INSERT INTO `espece` VALUES ('93', 'Francolinus erckelii', 'Francolin d\'Erckel', 'Erckell\'s Francolin', 'PHASIANIDAE', 'Francolinus', null, null, null, null, null);
INSERT INTO `espece` VALUES ('94', 'Perdix perdix', 'Perdrix grise', 'Grey Partridge', 'PHASIANIDAE', 'Perdix', 'A', 'NS', null, null, null);
INSERT INTO `espece` VALUES ('95', 'Coturnix coturnix', 'Caille des bls', 'Common Quail', 'PHASIANIDAE', 'Coturnix', 'A', 'N', 'M', 'HR', null);
INSERT INTO `espece` VALUES ('96', 'Syrmaticus reevesii', 'Faisan vnr', 'Reeves\'s Pheasant', 'PHASIANIDAE', 'Syrmaticus', 'C', 'NS', null, null, null);
INSERT INTO `espece` VALUES ('97', 'Phasianus colchicus', 'Faisan de Colchide', 'Common Pheasant', 'PHASIANIDAE', 'Phasianus', 'C', 'NS', null, null, null);
INSERT INTO `espece` VALUES ('98', 'Chrysolophus pictus', 'Faisan dor', 'Golden Pheasant', 'PHASIANIDAE', 'Chrysolophus', null, null, null, null, null);
INSERT INTO `espece` VALUES ('99', 'Chrysolophus amherstiae', 'Faisan de Lady Amherst', 'Lady Amherst\'s Pheasant', 'PHASIANIDAE', 'Chrysolophus', null, null, null, null, null);
INSERT INTO `espece` VALUES ('100', 'Numida meleagris', 'Pintade de Numidie', 'Helmeted Guineafowl', 'NUMIDIDAE', 'Numida', null, null, null, null, null);
INSERT INTO `espece` VALUES ('101', 'Gavia stellata', 'Plongeon catmarin', 'Red-throated Diver', 'GAVIIDAE', 'Gavia', 'A', null, 'M', 'H', null);
INSERT INTO `espece` VALUES ('102', 'Gavia arctica', 'Plongeon arctique', 'Black-throated Diver', 'GAVIIDAE', 'Gavia', 'A', null, 'M', 'H', null);
INSERT INTO `espece` VALUES ('103', 'Gavia immer', 'Plongeon imbrin', 'Great Northern Diver', 'GAVIIDAE', 'Gavia', 'A', null, 'M', 'H', null);
INSERT INTO `espece` VALUES ('104', 'Gavia adamsii', 'Plongeon  bec blanc', 'White-billed Diver', 'GAVIIDAE', 'Gavia', 'A', null, null, 'HO', null);
INSERT INTO `espece` VALUES ('105', 'Podilymbus podiceps', 'Grbe  bec bigarr', 'Pied-billed Grebe', 'PODICIPEDIDAE', 'Podilymbus', 'A', null, 'MO', 'HO', null);
INSERT INTO `espece` VALUES ('106', 'Tachybaptus ruficollis', 'Grbe castagneux', 'Little Grebe', 'PODICIPEDIDAE', 'Tachybaptus', 'A', 'N', 'M ', 'H', null);
INSERT INTO `espece` VALUES ('107', 'Podiceps cristatus', 'Grbe hupp', 'Great Crested Grebe', 'PODICIPEDIDAE', 'Podiceps', 'A', 'N', 'M', 'H', null);
INSERT INTO `espece` VALUES ('108', 'Podiceps grisegena', 'Grbe jougris', 'Red-necked Grebe', 'PODICIPEDIDAE', 'Podiceps', 'A', 'NO', 'M', 'H', null);
INSERT INTO `espece` VALUES ('109', 'Podiceps auritus', 'Grbe esclavon', 'Slovanian Grebe', 'PODICIPEDIDAE', 'Podiceps', 'A', null, 'M', 'H', null);
INSERT INTO `espece` VALUES ('110', 'Podiceps nigricollis', 'Grbe  cou noir', 'Black-necked Grebe', 'PODICIPEDIDAE', 'Podiceps', 'A', 'N', 'M', 'H', null);
INSERT INTO `espece` VALUES ('111', 'Thalassarche melanophris', 'Albatros  sourcils noirs', 'Black-browed Albatross', 'DIOMEDEIDAE', 'Thalassarche', 'A', null, 'MO', null, null);
INSERT INTO `espece` VALUES ('112', 'Thalassarche cauta', 'Albatros  cape blanche', 'Shy Albatross', 'DIOMEDEIDAE', 'Thalassarche', null, null, null, null, null);
INSERT INTO `espece` VALUES ('113', 'Thalassarche chlororhynchos', 'Albatros  nez jaune', 'Yellow-nosed Albatross', 'DIOMEDEIDAE', 'Thalassarche', null, null, null, null, null);
INSERT INTO `espece` VALUES ('114', 'Diomedea exulans', 'Albatros hurleur', 'Wandering Albatross', 'DIOMEDEIDAE', 'Diomedea', 'D', null, null, null, null);
INSERT INTO `espece` VALUES ('115', 'Macronectes giganteus', 'Fulmar gant', 'Southern Giant Petrel', 'PROCELLARIIDAE', 'Macronectes', 'A*', null, null, null, null);
INSERT INTO `espece` VALUES ('116', 'Fulmarus glacialis', 'Fulmar boral', 'Fulmar ', 'PROCELLARIIDAE', 'Fulmarus', 'A', 'N', 'M', 'HR', null);
INSERT INTO `espece` VALUES ('117', 'Daption capense', 'Damier du Cap', 'Cape Petrel', 'PROCELLARIIDAE', 'Daption', 'E', null, null, null, null);
INSERT INTO `espece` VALUES ('118', 'Pterodroma incerta', 'Ptrel de Schlegel', 'Atlantic Petrel', 'PROCELLARIIDAE', 'Pterodroma', null, null, null, null, null);
INSERT INTO `espece` VALUES ('119', 'Pterodroma mollis', 'Ptrel soyeux', 'Soft-plumaged Petrel', 'PROCELLARIIDAE', 'Pterodroma', null, null, null, null, null);
INSERT INTO `espece` VALUES ('120', 'Pterodroma madeira', 'Ptrel de Madre', 'Zino\'s Petrel', 'PROCELLARIIDAE', 'Pterodroma', 'A*', null, null, null, null);
INSERT INTO `espece` VALUES ('121', 'Pterodroma feae', 'Ptrel gongon', 'Fea\'s Petrel', 'PROCELLARIIDAE', 'Pterodroma', 'A*', null, null, null, null);
INSERT INTO `espece` VALUES ('122', 'Pterodroma cahow', 'Ptrel des Bermudes', 'Bermuda Petrel', 'PROCELLARIIDAE', 'Pterodroma', null, null, null, null, null);
INSERT INTO `espece` VALUES ('123', 'Pterodroma hasitata', 'Ptrel diablotin', 'Black-capped Petrel', 'PROCELLARIIDAE', 'Pterodroma', null, null, null, null, null);
INSERT INTO `espece` VALUES ('124', 'Pterodroma arminjoniana', 'Ptrel de la Trinit', 'Herald Petrel', 'PROCELLARIIDAE', 'Pterodroma', null, null, null, null, null);
INSERT INTO `espece` VALUES ('125', 'Bulweria bulwerii', 'Ptrel de Bulwer', 'Bulwer\'s Petrel', 'PROCELLARIIDAE', 'Bulweria', 'A', null, 'MO', null, null);
INSERT INTO `espece` VALUES ('126', 'Calonectris diomedea', 'Puffin cendr', 'Cory\'s Shearwater', 'PROCELLARIIDAE', 'Calonectris', 'A', 'N', 'M', 'HO', null);
INSERT INTO `espece` VALUES ('127', 'Calonectris edwardsi', 'Puffin du Cap Vert', 'Cape Verde Shearwater', 'PROCELLARIIDAE', 'Calonectris', null, null, null, null, null);
INSERT INTO `espece` VALUES ('128', 'Calonectris leucomelas', 'Puffin leucomle', 'Streaked Shearwater', 'PROCELLARIIDAE', 'Calonectris', null, null, null, null, null);
INSERT INTO `espece` VALUES ('129', 'Puffinus pacificus', 'Puffin fouquet', 'Wedge-tailed Shearwater', 'PROCELLARIIDAE', 'Puffinus', null, null, null, null, null);
INSERT INTO `espece` VALUES ('130', 'Puffinus carneipes', 'Puffin  pieds ples', 'Pale-footed Shearwater', 'PROCELLARIIDAE', 'Puffinus', null, null, null, null, null);
INSERT INTO `espece` VALUES ('131', 'Puffinus gravis', 'Puffin majeur', 'Great Shearwater', 'PROCELLARIIDAE', 'Puffinus', 'A', null, 'M', null, null);
INSERT INTO `espece` VALUES ('132', 'Puffinus griseus', 'Puffin fuligineux', 'Sooty Shearwater', 'PROCELLARIIDAE', 'Puffinus', 'A', null, 'M', 'HO', null);
INSERT INTO `espece` VALUES ('133', 'Puffinus puffinus', 'Puffin des Anglais', 'Manx Shearwater', 'PROCELLARIIDAE', 'Puffinus', 'A', 'N', 'M', 'HR', null);
INSERT INTO `espece` VALUES ('134', 'Puffinus mauretanicus', 'Puffin des Balares', 'Balearic Shearwater', 'PROCELLARIIDAE', 'Puffinus', 'A', null, 'M', 'H', null);
INSERT INTO `espece` VALUES ('135', 'Puffinus yelkouan', 'Puffin yelkouan', 'Yelkouan Shearwater', 'PROCELLARIIDAE', 'Puffinus', 'A', 'N', 'M', 'H', null);
INSERT INTO `espece` VALUES ('136', 'Puffinus baroli', 'Puffin de Macaronsie', 'Macaronesian Shearwater', 'PROCELLARIIDAE', 'Puffinus', 'A', null, 'MR', null, null);
INSERT INTO `espece` VALUES ('137', 'Puffinus bailloni', 'Puffin de Baillon', 'Baillon\'s Shearwater', 'PROCELLARIIDAE', 'Puffinus', null, null, null, null, null);
INSERT INTO `espece` VALUES ('138', 'Puffinus persicus', 'Puffin persique', 'Persian Shearwater', 'PROCELLARIIDAE', 'Puffinus', null, null, null, null, null);
INSERT INTO `espece` VALUES ('139', 'Oceanites oceanicus', 'Ocanite de Wilson', 'Wilson\'s Storm-petrel', 'HYDROBATIDAE', 'Oceanites', 'A', null, 'MO', null, null);
INSERT INTO `espece` VALUES ('140', 'Pelagodroma marina', 'Ocanite frgate', 'White-faced Storm-petrel', 'HYDROBATIDAE', 'Pelagodroma', null, null, null, null, null);
INSERT INTO `espece` VALUES ('141', 'Hydrobates pelagicus', 'Ocanite tempte', 'European Storm-petrel', 'HYDROBATIDAE', 'Hydrobates', 'A', 'NR', 'M', 'H', null);
INSERT INTO `espece` VALUES ('142', 'Oceanodroma leucorhoa', 'Ocanite culblanc', 'Leach\'s Storm-petrel', 'HYDROBATIDAE', 'Oceanodroma', 'A', null, 'M', 'H', null);
INSERT INTO `espece` VALUES ('143', 'Oceanodroma monorhis', 'Ocanite de Swinhoe', 'Swinhoe\'s Storm-petrel', 'HYDROBATIDAE', 'Oceanodroma', 'A', null, 'MO', null, null);
INSERT INTO `espece` VALUES ('144', 'Oceanodroma castro', 'Ocanite de Castro', 'Madeiran Storm-petrel', 'HYDROBATIDAE', 'Oceanodroma', 'A', null, 'MO', null, null);
INSERT INTO `espece` VALUES ('145', 'Phaethon aethereus', 'Phaton  bec rouge', 'Red-billed Tropicbird', 'PHAETHONTIDAE', 'Phaethon', null, null, null, null, null);
INSERT INTO `espece` VALUES ('146', 'Phaethon lepturus', 'Phaton  bec jaune', 'White-tailed Tropicbird', 'PHAETHONTIDAE', 'Phaethon', null, null, null, null, null);
INSERT INTO `espece` VALUES ('147', 'Sula sula', 'Fou  pieds rouges', 'Red-footed Booby', 'SULIDAE', 'Sula', null, null, null, null, null);
INSERT INTO `espece` VALUES ('148', 'Sula dactylatra', 'Fou masqu', 'Masked Booby', 'SULIDAE', 'Sula', 'A', null, 'MO', null, null);
INSERT INTO `espece` VALUES ('149', 'Sula leucogaster', 'Fou brun', 'Brown Booby', 'SULIDAE', 'Sula', null, null, null, null, null);
INSERT INTO `espece` VALUES ('150', 'Morus bassanus', 'Fou de Bassan', 'Northern Gannet', 'SULIDAE', 'Morus', 'A', 'N', 'M', 'H', null);
INSERT INTO `espece` VALUES ('151', 'Morus capensis', 'Fou du Cap', 'Cape Gannet', 'SULIDAE', 'Morus', null, null, null, null, null);
INSERT INTO `espece` VALUES ('152', 'Phalacrocorax carbo', 'Grand Cormoran', 'Great Cormorant', 'PHALACROCORACIDAE', 'Phalacrocorax', 'A', 'N', 'M', 'H', null);
INSERT INTO `espece` VALUES ('153', 'Phalacrocorax auritus', 'Cormoran  aigrettes', 'Double-crested Cormorant', 'PHALACROCORACIDAE', 'Phalacrocorax', 'A', null, 'MO', null, null);
INSERT INTO `espece` VALUES ('154', 'Phalacrocorax aristotelis', 'Cormoran hupp', 'Shag', 'PHALACROCORACIDAE', 'Phalacrocorax', 'A', 'NS', 'M', 'H', null);
INSERT INTO `espece` VALUES ('155', 'Phalacrocorax nigrogularis', 'Cormoran de Socotra', 'Socotra Cormorant', 'PHALACROCORACIDAE', 'Phalacrocorax', null, null, null, null, null);
INSERT INTO `espece` VALUES ('156', 'Phalacrocorax pygmaeus', 'Cormoran pygme', 'Pygmy Cormorant', 'PHALACROCORACIDAE', 'Phalacrocorax', 'A', null, 'MO', null, null);
INSERT INTO `espece` VALUES ('157', 'Phalacrocorax africanus', 'Cormoran africain', 'Long-tailed Cormorant', 'PHALACROCORACIDAE', 'Phalacrocorax', null, null, null, null, null);
INSERT INTO `espece` VALUES ('158', 'Anhinga melanogaster', 'Anhinga roux', 'Darter', 'ANHINGIDAE', 'Anhinga', null, null, null, null, null);
INSERT INTO `espece` VALUES ('159', 'Pelecanus onocrotalus', 'Plican blanc', 'White Pelican', 'PELECANIDAE ', 'Pelecanus', 'BD', null, 'MO', null, null);
INSERT INTO `espece` VALUES ('160', 'Pelecanus crispus', 'Plican fris', 'Dalmatian Pelican', 'PELECANIDAE ', 'Pelecanus', 'D', null, 'MO', null, null);
INSERT INTO `espece` VALUES ('161', 'Pelecanus rufescens', 'Plican gris', 'Pink-backed Pelican', 'PELECANIDAE ', 'Pelecanus', 'D', 'NR', 'MR', 'HR', null);
INSERT INTO `espece` VALUES ('162', 'Fregata aquila', 'Frgate aigle-de-mer', 'Ascencion Frigatebird', 'FREGATIDAE ', 'Fregata', null, null, null, null, null);
INSERT INTO `espece` VALUES ('163', 'Fregata magnificens', 'Frgate superbe', 'Magnificent Frigatebird', 'FREGATIDAE ', 'Fregata', 'B', null, 'MO', null, null);
INSERT INTO `espece` VALUES ('164', 'Fregata ariel', 'Frgate ariel', 'Lesser Frigatebird', 'FREGATIDAE ', 'Fregata', null, null, null, null, null);
INSERT INTO `espece` VALUES ('165', 'Botaurus stellaris', 'Butor toil', 'Eurasian Bittern', 'ARDEIDAE ', 'Botaurus', 'A', 'NS', 'M', 'H', null);
INSERT INTO `espece` VALUES ('166', 'Botaurus lentiginosus', 'Butor d\'Amrique', 'American Bittern', 'ARDEIDAE ', 'Botaurus', null, null, null, null, null);
INSERT INTO `espece` VALUES ('167', 'Ixobrychus exilis', 'Petit Blongios', 'Least Bittern', 'ARDEIDAE ', 'Ixobrychus', null, null, null, ' ', null);
INSERT INTO `espece` VALUES ('168', 'Ixobrychus minutus', 'Blongios nain', 'Little Bittern', 'ARDEIDAE ', 'Ixobrychus', 'A', 'N', 'M', null, null);
INSERT INTO `espece` VALUES ('169', 'Ixobrychus eurhythmus', 'Blongios mandchou', 'Schrenck\'s Bittern', 'ARDEIDAE ', 'Ixobrychus', null, null, null, null, null);
INSERT INTO `espece` VALUES ('170', 'Ixobrychus sturmii', 'Blongios de Sturm', 'Dwarf Bittern', 'ARDEIDAE ', 'Ixobrychus', null, null, null, null, null);
INSERT INTO `espece` VALUES ('171', 'Nycticorax nycticorax', 'Bihoreau gris', 'Night Heron', 'ARDEIDAE ', 'Nycticorax', 'A', 'N', 'M', 'HR', null);
INSERT INTO `espece` VALUES ('172', 'Butorides striata', 'Hron stri', 'Striated Heron', 'ARDEIDAE ', 'Butorides', null, null, null, null, null);
INSERT INTO `espece` VALUES ('173', 'Butorides virescens', 'Hron vert', 'Green-backed Heron', 'ARDEIDAE ', 'Butorides', 'A', null, 'MO', null, null);
INSERT INTO `espece` VALUES ('174', 'Ardeola ralloides', 'Crabier chevelu', 'Squacco Heron', 'ARDEIDAE ', 'Ardeola', 'A', 'N', 'M', 'HO', null);
INSERT INTO `espece` VALUES ('175', 'Bubulcus ibis', 'Hron garde-bufs', 'Cattle Egret', 'ARDEIDAE ', 'Bubulcus', 'A', 'N', 'M', 'H', null);
INSERT INTO `espece` VALUES ('176', 'Egretta caerulea', 'Aigrette bleue', 'Little Blue Heron', 'ARDEIDAE ', 'Egretta', null, null, null, null, null);
INSERT INTO `espece` VALUES ('177', 'Egretta ardesiaca', 'Aigrette ardoise', 'Black Heron', 'ARDEIDAE ', 'Egretta', null, null, null, null, null);
INSERT INTO `espece` VALUES ('178', 'Egretta tricolor', 'Aigrette tricolore', 'Tricolored Heron', 'ARDEIDAE ', 'Egretta', null, null, null, null, null);
INSERT INTO `espece` VALUES ('179', 'Egretta thula', 'Aigrette neigeuse', 'Snowy Egret', 'ARDEIDAE ', 'Egretta', null, null, null, null, null);
INSERT INTO `espece` VALUES ('180', 'Egretta gularis', 'Aigrette des rcifs', 'Western Reef Egret', 'ARDEIDAE ', 'Egretta', 'A', 'NO', 'MO', null, null);
INSERT INTO `espece` VALUES ('181', 'Egretta garzetta', 'Aigrette garzette', 'Little Egret', 'ARDEIDAE ', 'Egretta', 'A', 'N', 'M', 'H', null);
INSERT INTO `espece` VALUES ('182', 'Casmerodius intermedius', 'Aigrette intermdiaire', 'Intermediate Egret', 'ARDEIDAE ', 'Casmerodius', null, null, null, null, null);
INSERT INTO `espece` VALUES ('183', 'Casmerodius albus', 'Grande Aigrette', 'Great White Egret', 'ARDEIDAE ', 'Casmerodius', 'A', 'NR', 'M', 'H', null);
INSERT INTO `espece` VALUES ('184', 'Ardea melanocephala', 'Hron mlanocphale', 'Black-headed Heron', 'ARDEIDAE ', 'Ardea', 'A', null, 'MO', null, null);
INSERT INTO `espece` VALUES ('185', 'Ardea cinerea', 'Hron cendr', 'Grey Heron', 'ARDEIDAE ', 'Ardea', 'A', 'N', 'M', 'H', null);
INSERT INTO `espece` VALUES ('186', 'Ardea herodias', 'Grand Hron', 'Great Blue Heron', 'ARDEIDAE ', 'Ardea', 'A', null, 'MO', null, null);
INSERT INTO `espece` VALUES ('187', 'Ardea purpurea', 'Hron pourpr', 'Purple Heron', 'ARDEIDAE ', 'Ardea', 'A', 'N', 'M', 'HO', null);
INSERT INTO `espece` VALUES ('188', 'Ardea goliath', 'Hron goliath', 'Goliath Heron', 'ARDEIDAE ', 'Ardea', null, null, null, null, null);
INSERT INTO `espece` VALUES ('189', 'Mycteria ibis', 'Tantale ibis', 'Yellow-billed Stork', 'CICONIIDAE ', 'Mycteria', null, null, null, null, null);
INSERT INTO `espece` VALUES ('190', 'Ciconia nigra', 'Cigogne noire', 'Black Stork', 'CICONIIDAE ', 'Ciconia', 'A', 'NR', 'M', 'HO', null);
INSERT INTO `espece` VALUES ('191', 'Ciconia ciconia', 'Cigogne blanche', 'White Stork', 'CICONIIDAE ', 'Ciconia', 'A', 'N', 'M', 'HR', null);
INSERT INTO `espece` VALUES ('192', 'Leptoptilos crumeniferus', 'Marabout d\'Afrique', 'Marabou Stork', 'CICONIIDAE ', 'Leptoptilos', 'E', null, null, null, null);
INSERT INTO `espece` VALUES ('193', 'Plegadis falcinellus', 'Ibis falcinelle', 'Glossy Ibis', 'THRESKIORNITHIDAE ', 'Plegadis', 'A', 'NO', 'MR', 'HO', null);
INSERT INTO `espece` VALUES ('194', 'Geronticus eremita', 'Ibis chauve', 'Bald Ibis', 'THRESKIORNITHIDAE ', 'Geronticus', 'E', null, null, null, null);
INSERT INTO `espece` VALUES ('195', 'Threskiornis aethiopicus', 'Ibis sacr', 'Sacred Ibis', 'THRESKIORNITHIDAE ', 'Threskiornis', 'C', 'NS', null, null, null);
INSERT INTO `espece` VALUES ('196', 'Platalea leucorodia', 'Spatule blanche', 'Eurasian Spoonbill', 'THRESKIORNITHIDAE ', 'Platalea', 'A', 'N', 'M', 'HR', null);
INSERT INTO `espece` VALUES ('197', 'Phoenicopterus roseus', 'Flamant rose', 'Greater Flamingo', 'PHNICOPTERIDAE ', 'Phoenicopterus', 'A', 'NS', null, null, null);
INSERT INTO `espece` VALUES ('198', 'Phoenicopterus minor', 'Flamant nain', 'Lesser Flamingo', 'PHNICOPTERIDAE ', 'Phoenicopterus', 'D', 'NO', 'MO', null, null);
INSERT INTO `espece` VALUES ('199', 'Pernis apivorus', 'Bondre apivore', 'Honey-Buzzard', 'ACCIPITRIDAE', 'Pernis', 'A', 'N', 'M', null, null);
INSERT INTO `espece` VALUES ('200', 'Pernis ptilorhynchus', 'Bondre orientale', 'Oriental Honey-Buzzard', 'ACCIPITRIDAE', 'Pernis', null, null, null, null, null);
INSERT INTO `espece` VALUES ('201', 'Elanus caeruleus', 'Elanion blanc', 'Black-shouldered Kite', 'ACCIPITRIDAE', 'Elanus', 'A', 'NR', 'MR', null, null);
INSERT INTO `espece` VALUES ('202', 'Milvus migrans', 'Milan noir', 'Black Kite', 'ACCIPITRIDAE', 'Milvus', 'A', 'N', 'M', 'HR', null);
INSERT INTO `espece` VALUES ('203', 'Milvus milvus', 'Milan royal', 'Red Kite', 'ACCIPITRIDAE', 'Milvus', 'A', 'N', 'M', 'H', null);
INSERT INTO `espece` VALUES ('204', 'Haliaeetus vocifer', 'Pygargue vocifre', 'African Fish Eagle', 'ACCIPITRIDAE', 'Haliaeetus', null, null, null, null, null);
INSERT INTO `espece` VALUES ('205', 'Haliaeetus leucoryphus', 'Pygargue de Pallas', 'Pallas\'s Fish Eagle', 'ACCIPITRIDAE', 'Haliaeetus', null, null, null, null, null);
INSERT INTO `espece` VALUES ('206', 'Haliaeetus albicilla', 'Pygargue  queue blanche', 'White-tailed Eagle', 'ACCIPITRIDAE', 'Haliaeetus', 'A', 'NO', 'MR', 'HR', null);
INSERT INTO `espece` VALUES ('207', 'Haliaeetus leucocephalus', 'Pygargue  tte blanche', 'Bald Eagle', 'ACCIPITRIDAE', 'Haliaeetus', null, null, null, null, null);
INSERT INTO `espece` VALUES ('208', 'Gypaetus barbatus', 'Gypate barbu', 'Lammergeier', 'ACCIPITRIDAE', 'Gypaetus', 'A', 'NSR', null, null, null);
INSERT INTO `espece` VALUES ('209', 'Neophron percnopterus', 'Vautour percnoptre', 'Egyptian Vulture', 'ACCIPITRIDAE', 'Neophron', 'A', 'NR', 'MR', null, null);
INSERT INTO `espece` VALUES ('210', 'Necrosyrtes monachus', 'Vautour charognard', 'Hooded Vulture', 'ACCIPITRIDAE', 'Necrosyrtes', null, null, null, null, null);
INSERT INTO `espece` VALUES ('211', 'Gyps fulvus', 'Vautour fauve', 'Griffon Vulture', 'ACCIPITRIDAE', 'Gyps', 'AC', 'NS', 'MR', null, null);
INSERT INTO `espece` VALUES ('212', 'Gyps rueppellii', 'Vautour de Rppell', 'Rppell\'s Vulture', 'ACCIPITRIDAE', 'Gyps', 'D', null, null, null, null);
INSERT INTO `espece` VALUES ('213', 'Torgos tracheliotus', 'Vautour oricou', 'Lappet-faced Vulture', 'ACCIPITRIDAE', 'Torgos', 'B', null, 'MO', null, null);
INSERT INTO `espece` VALUES ('214', 'Aegypius monachus', 'Vautour moine', 'Eurasian Black Vulture', 'ACCIPITRIDAE', 'Aegypius', 'AC', 'NR', 'MO', null, null);
INSERT INTO `espece` VALUES ('215', 'Circaetus gallicus', 'Circate Jean-le-Blanc', 'Short-toed Eagle', 'ACCIPITRIDAE', 'Circaetus', 'A', 'N', 'M', 'HO', null);
INSERT INTO `espece` VALUES ('216', 'Terathopius ecaudatus', 'Bateleur des savanes', 'Bateleur', 'ACCIPITRIDAE', 'Terathopius', null, null, null, null, null);
INSERT INTO `espece` VALUES ('217', 'Circus aeruginosus', 'Busard des roseaux', 'Marsh Harrier', 'ACCIPITRIDAE', 'Circus', 'A', 'N', 'M', 'H', null);
INSERT INTO `espece` VALUES ('218', 'Circus cyaneus', 'Busard Saint-Martin', 'Hen Harrier', 'ACCIPITRIDAE', 'Circus', 'A', 'N', 'M', 'H', null);
INSERT INTO `espece` VALUES ('219', 'Circus macrourus', 'Busard ple', 'Pallid Harrier', 'ACCIPITRIDAE', 'Circus', 'A', null, 'MR', null, null);
INSERT INTO `espece` VALUES ('220', 'Circus pygargus', 'Busard cendr', 'Montagu\'s Harrier', 'ACCIPITRIDAE', 'Circus', 'A', 'N', 'M', null, null);
INSERT INTO `espece` VALUES ('221', 'Melierax metabates', 'Autour sombre', 'Dark Chanting Goshawk', 'ACCIPITRIDAE', 'Melierax', null, null, null, null, null);
INSERT INTO `espece` VALUES ('222', 'Micronisus gabar', 'Autour gabar', 'Gabar Goshawk', 'ACCIPITRIDAE', 'Micronisus', null, null, null, null, null);
INSERT INTO `espece` VALUES ('223', 'Accipiter gentilis', 'Autour des palombes', 'Northern Goshawk', 'ACCIPITRIDAE', 'Accipiter', 'A', 'N', 'M', 'H', null);
INSERT INTO `espece` VALUES ('224', 'Accipiter nisus', 'Epervier d\'Europe', 'Eurasian Sparrowhawk', 'ACCIPITRIDAE', 'Accipiter', 'A', 'N', 'M', 'H', null);
INSERT INTO `espece` VALUES ('225', 'Accipiter badius', 'Epervier shikra', 'Shikra', 'ACCIPITRIDAE', 'Accipiter', null, null, null, null, null);
INSERT INTO `espece` VALUES ('226', 'Accipiter brevipes', 'Epervier  pieds courts', 'Levant Sparrowhawk', 'ACCIPITRIDAE', 'Accipiter', null, null, null, null, null);
INSERT INTO `espece` VALUES ('227', 'Buteo buteo', 'Buse variable', 'Common Buzzard', 'ACCIPITRIDAE', 'Buteo', 'A', 'N', 'M', 'H', null);
INSERT INTO `espece` VALUES ('228', 'Buteo rufinus', 'Buse froce', 'Long-legged Buzzard', 'ACCIPITRIDAE', 'Buteo', 'A', null, 'MO', 'HO', null);
INSERT INTO `espece` VALUES ('229', 'Buteo lagopus', 'Buse pattue', 'Rough-legged Buzzard', 'ACCIPITRIDAE', 'Buteo', 'A', null, null, 'HR', null);
INSERT INTO `espece` VALUES ('230', 'Aquila clanga', 'Aigle criard', 'Spotted Eagle', 'ACCIPITRIDAE', 'Aquila', 'A', null, 'MR', 'HR', null);
INSERT INTO `espece` VALUES ('231', 'Aquila pomarina', 'Aigle pomarin', 'Lesser Spotted Eagle', 'ACCIPITRIDAE', 'Aquila', 'A', 'NO', 'MO', 'HO', null);
INSERT INTO `espece` VALUES ('232', 'Aquila pennata', 'Aigle bott', 'Booted Eagle', 'ACCIPITRIDAE', 'Aquila', 'A', 'N', 'M', 'HO', null);
INSERT INTO `espece` VALUES ('233', 'Aquila chrysaetos', 'Aigle royal', 'Golden Eagle', 'ACCIPITRIDAE', 'Aquila', 'A', 'NS', 'MO', null, null);
INSERT INTO `espece` VALUES ('234', 'Aquila verreauxii', 'Aigle de Verreaux', 'Verreaux\'s Eagle', 'ACCIPITRIDAE', 'Aquila', null, null, null, null, null);
INSERT INTO `espece` VALUES ('235', 'Aquila fasciata', 'Aigle de Bonelli', 'Bonelli\'s Eagle', 'ACCIPITRIDAE', 'Aquila', 'A', 'NSR', null, null, null);
INSERT INTO `espece` VALUES ('236', 'Aquila nipalensis', 'Aigle des steppes', 'Steppe Eagle', 'ACCIPITRIDAE', 'Aquila', 'A', null, 'MO', null, null);
INSERT INTO `espece` VALUES ('237', 'Aquila rapax', 'Aigle ravisseur', 'Tawny Eagle', 'ACCIPITRIDAE', 'Aquila', null, null, null, null, null);
INSERT INTO `espece` VALUES ('238', 'Aquila heliaca', 'Aigle imprial', 'Eastern Imperial Eagle', 'ACCIPITRIDAE', 'Aquila', 'A', null, 'MO', null, null);
INSERT INTO `espece` VALUES ('239', 'Aquila adalberti', 'Aigle ibrique', 'Spanish Imperial Eagle', 'ACCIPITRIDAE', 'Aquila', 'A', null, 'MO', null, null);
INSERT INTO `espece` VALUES ('240', 'Pandion haliaetus', 'Balbuzard pcheur', 'Osprey', 'PANDIONIDAE', 'Pandion', 'A', 'NR', 'M', 'HO', null);
INSERT INTO `espece` VALUES ('241', 'Falco naumanni', 'Faucon crcerellette', 'Lesser Kestrel', 'FALCONIDAE', 'Falco', 'A', 'NR', 'MR', null, null);
INSERT INTO `espece` VALUES ('242', 'Falco tinnunculus', 'Faucon crcerelle', 'Common Kestrel', 'FALCONIDAE', 'Falco', 'A', 'NS', 'M', 'H', null);
INSERT INTO `espece` VALUES ('243', 'Falco sparverius', 'Crcerelle d\'Amrique', 'American Kestrel', 'FALCONIDAE', 'Falco', null, null, null, null, null);
INSERT INTO `espece` VALUES ('244', 'Falco vespertinus', 'Faucon kobez', 'Red-footed Falcon', 'FALCONIDAE', 'Falco', 'A', 'NO', 'M ', null, null);
INSERT INTO `espece` VALUES ('245', 'Falco amurensis', 'Faucon de l\'Amour', 'Amur Falcon', 'FALCONIDAE', 'Falco', 'E', null, null, null, null);
INSERT INTO `espece` VALUES ('246', 'Falco columbarius', 'Faucon merillon', 'Merlin', 'FALCONIDAE', 'Falco', 'A', null, 'M', 'H', null);
INSERT INTO `espece` VALUES ('247', 'Falco subbuteo', 'Faucon hobereau', 'Hobby', 'FALCONIDAE', 'Falco', 'A', 'N', 'M', 'HO', null);
INSERT INTO `espece` VALUES ('248', 'Falco eleonorae', 'Faucon d\'Elonore', 'Eleonora\'s Falcon', 'FALCONIDAE', 'Falco', 'A', null, 'MR', null, null);
INSERT INTO `espece` VALUES ('249', 'Falco concolor', 'Faucon concolore', 'Sooty Falcon', 'FALCONIDAE', 'Falco', 'A', null, 'MO', null, null);
INSERT INTO `espece` VALUES ('250', 'Falco biarmicus', 'Faucon lanier', 'Lanner Falcon', 'FALCONIDAE', 'Falco', 'A', null, 'MO', 'HO', null);
INSERT INTO `espece` VALUES ('251', 'Falco cherrug', 'Faucon sacre', 'Saker Falcon', 'FALCONIDAE', 'Falco', 'A', null, 'MO', 'HO', null);
INSERT INTO `espece` VALUES ('252', 'Falco rusticolus', 'Faucon gerfaut', 'Gyr Falcon', 'FALCONIDAE', 'Falco', 'A', null, 'MO', 'HO', null);
INSERT INTO `espece` VALUES ('253', 'Falco peregrinus', 'Faucon plerin', 'Peregrine Falcon', 'FALCONIDAE', 'Falco', 'A', 'N', 'M', 'H', null);
INSERT INTO `espece` VALUES ('254', 'Falco pelegrinoides', 'Faucon de Barbarie', 'Barbary Falcon', 'FALCONIDAE', 'Falco', 'E', null, null, null, null);
INSERT INTO `espece` VALUES ('255', 'Turnix sylvaticus', 'Turnix mugissant', 'Small Button-quail', 'TURNICIDAE', 'Turnix', null, null, null, null, null);
INSERT INTO `espece` VALUES ('256', 'Rallus aquaticus', 'Rle d\'eau', 'Water Rail', 'RALLIDAE', 'Rallus', 'A', 'NS', 'M', 'H', null);
INSERT INTO `espece` VALUES ('257', 'Porzana porzana', 'Marouette ponctue', 'Spotted Crake', 'RALLIDAE', 'Porzana', 'A', 'N', 'M', 'HR', null);
INSERT INTO `espece` VALUES ('258', 'Porzana carolina', 'Marouette de Caroline', 'Sora', 'RALLIDAE', 'Porzana', 'A', null, 'MO', null, null);
INSERT INTO `espece` VALUES ('259', 'Porzana parva', 'Marouette poussin', 'Little Crake', 'RALLIDAE', 'Porzana', 'A', 'NO', 'MR', 'HO', null);
INSERT INTO `espece` VALUES ('260', 'Porzana pusilla', 'Marouette de Baillon', 'Baillon\'s Crake', 'RALLIDAE', 'Porzana', 'A', 'NO', 'MR', null, null);
INSERT INTO `espece` VALUES ('261', 'Porzana marginalis', 'Marouette raye', 'Striped Crake', 'RALLIDAE', 'Porzana', null, null, null, null, null);
INSERT INTO `espece` VALUES ('262', 'Limnocorax flavirostra', 'Rle  bec jaune', 'Black Crake', 'RALLIDAE', 'Limnocorax', null, null, null, null, null);
INSERT INTO `espece` VALUES ('263', 'Crex crex', 'Rle des gents', 'Corn Crake', 'RALLIDAE', 'Crex', 'A', 'N', 'M', 'HO', null);
INSERT INTO `espece` VALUES ('264', 'Crex egregia', 'Rle des prs', 'African Crake', 'RALLIDAE', 'Crex', null, null, null, null, null);
INSERT INTO `espece` VALUES ('265', 'Gallinula chloropus', 'Gallinule poule-d\'eau', 'Moorhen', 'RALLIDAE', 'Gallinula', 'A', 'NS', 'M', 'H', null);
INSERT INTO `espece` VALUES ('266', 'Gallinula angulata', 'Gallinule africaine', 'Lesser Moorhen', 'RALLIDAE', 'Gallinula', null, null, null, null, null);
INSERT INTO `espece` VALUES ('267', 'Porphyrio alleni', 'Talve d\'Allen', 'Allen\'s Gallinule', 'RALLIDAE', 'Porphyrio', 'A', null, 'MO', null, null);
INSERT INTO `espece` VALUES ('268', 'Porphyrio martinica', 'Talve violace', 'American Purple Gallinule', 'RALLIDAE', 'Porphyrio', null, null, null, null, null);
INSERT INTO `espece` VALUES ('269', 'Porphyrio porphyrio', 'Talve sultane', 'Purple Swamp-hen', 'RALLIDAE', 'Porphyrio', 'A', 'NR', 'MO', 'HO', null);
INSERT INTO `espece` VALUES ('270', 'Fulica atra', 'Foulque macroule', 'Common Coot', 'RALLIDAE', 'Fulica', 'A', 'NS', 'M', 'H', null);
INSERT INTO `espece` VALUES ('271', 'Fulica americana', 'Foulque d\'Amrique', 'American Coot', 'RALLIDAE', 'Fulica', null, null, null, null, null);
INSERT INTO `espece` VALUES ('272', 'Fulica cristata', 'Foulque caroncule', 'Red-knobbed Coot', 'RALLIDAE', 'Fulica', 'B', null, 'MO', null, null);
INSERT INTO `espece` VALUES ('273', 'Grus grus', 'Grue cendre', 'Common Crane', 'GRUIDAE', 'Grus', 'A', 'NO', 'M', 'H', null);
INSERT INTO `espece` VALUES ('274', 'Grus canadensis', 'Grue du Canada', 'Sandhill Crane', 'GRUIDAE', 'Grus', null, null, null, null, null);
INSERT INTO `espece` VALUES ('275', 'Grus leucogeranus', 'Grue de Sibrie', 'Siberian White Crane', 'GRUIDAE', 'Grus', null, null, null, null, null);
INSERT INTO `espece` VALUES ('276', 'Grus virgo', 'Grue demoiselle', 'Demoiselle Crane', 'GRUIDAE', 'Grus', 'D', null, 'MO', null, null);
INSERT INTO `espece` VALUES ('277', 'Tetrax tetrax', 'Outarde canepetire', 'Little Bustard', 'OTIDIDAE', 'Tetrax', 'A', 'N', 'M', 'H', null);
INSERT INTO `espece` VALUES ('278', 'Neotis denhami', 'Outarde de Denham', 'Denham\'s Bustard', 'OTIDIDAE', 'Neotis', null, null, null, null, null);
INSERT INTO `espece` VALUES ('279', 'Neotis nuba', 'Outarde nubienne', 'Nubian Bustard', 'OTIDIDAE', 'Neotis', null, null, null, null, null);
INSERT INTO `espece` VALUES ('280', 'Chlamydotis undulata', 'Outarde houbara', 'Houbara Bustard', 'OTIDIDAE', 'Chlamydotis', null, null, null, null, null);
INSERT INTO `espece` VALUES ('281', 'Chlamydotis macqueenii', 'Outarde de Macqueen', 'Macqueen\'s Bustard', 'OTIDIDAE', 'Chlamydotis', 'B', null, 'MO', null, null);
INSERT INTO `espece` VALUES ('282', 'Ardeotis arabs', 'Outarde arabe', 'Arabian Bustard', 'OTIDIDAE', 'Ardeotis', null, null, null, null, null);
INSERT INTO `espece` VALUES ('283', 'Otis tarda', 'Outarde barbue', 'Great Bustard', 'OTIDIDAE', 'Otis', 'A', null, 'MO', 'HO', null);
INSERT INTO `espece` VALUES ('284', 'Rostratula benghalensis', 'Rhynche peinte', 'Greater Painted-Snipe', 'ROSTRATULIDAE', 'Rostratula', null, null, null, null, null);
INSERT INTO `espece` VALUES ('285', 'Haematopus ostralegus', 'Hutrier pie', 'Oystercatcher', 'HAEMATOPODIDAE', 'Haematopus', 'A', 'NS', 'M', 'H', null);
INSERT INTO `espece` VALUES ('286', 'Haematopus meadewaldoi', 'Hutrier des Canaries', 'Canary Islands Oystercatcher', 'HAEMATOPODIDAE', 'Haematopus', null, null, null, null, null);
INSERT INTO `espece` VALUES ('287', 'Himantopus himantopus', 'chasse blanche', 'Black-winged Stilt', 'RECURVIROSTRIDAE', 'Himantopus', 'A', 'N', 'M', 'HR', null);
INSERT INTO `espece` VALUES ('288', 'Recurvirostra avosetta', 'Avocette lgante', 'Avocet', 'RECURVIROSTRIDAE', 'Recurvirostra', 'A', 'N', 'M', 'H', null);
INSERT INTO `espece` VALUES ('289', 'Dromas ardeola', 'Drome ardole', 'Crab-plover', 'DROMADIDAE', 'Dromas', null, null, null, null, null);
INSERT INTO `espece` VALUES ('290', 'Burhinus oedicnemus', 'dicnme criard', 'Stone-curlew', 'BURHINIDAE', 'Burhinus', 'A', 'N', 'M', 'HR', null);
INSERT INTO `espece` VALUES ('291', 'Burhinus senegalensis', 'dicnme du Sngal', 'Senegal Thick-knee', 'BURHINIDAE', 'Burhinus', null, null, null, null, null);
INSERT INTO `espece` VALUES ('292', 'Pluvianus aegyptius', 'Pluvian fluviatile', 'Egyptian Courser', 'GLAREOLIDAE', 'Pluvianus', 'E', null, null, null, null);
INSERT INTO `espece` VALUES ('293', 'Cursorius cursor', 'Courvite isabelle', 'Cream-coloured Courser', 'GLAREOLIDAE', 'Cursorius', 'A', null, 'MO', null, null);
INSERT INTO `espece` VALUES ('294', 'Cursorius temminckii', 'Courvite de Temminck', 'Temminck\'s Courser', 'GLAREOLIDAE', 'Cursorius', null, null, null, null, null);
INSERT INTO `espece` VALUES ('295', 'Glareola pratincola', 'Glarole  collier', 'Collared Pratincole', 'GLAREOLIDAE', 'Glareola', 'A', 'NR', 'MR', null, null);
INSERT INTO `espece` VALUES ('296', 'Glareola maldivarum', 'Glarole orientale', 'Oriental Pratincole', 'GLAREOLIDAE', 'Glareola', null, null, null, null, null);
INSERT INTO `espece` VALUES ('297', 'Glareola nordmanni', 'Glarole  ailes noires', 'Black-winged Pratincole', 'GLAREOLIDAE', 'Glareola', 'A', 'NO', 'MO', null, null);
INSERT INTO `espece` VALUES ('298', 'Charadrius dubius', 'Petit Gravelot', 'Little Ringed Plover', 'CHARADRIIDAE', 'Charadrius', 'A', 'N', 'M', 'HO', null);
INSERT INTO `espece` VALUES ('299', 'Charadrius hiaticula', 'Grand Gravelot', 'Ringed Plover', 'CHARADRIIDAE', 'Charadrius', 'A', 'NR', 'M', 'H', null);
INSERT INTO `espece` VALUES ('300', 'Charadrius semipalmatus', 'Gravelot semipalm', 'Semipalmated Plover', 'CHARADRIIDAE', 'Charadrius', null, null, null, null, null);
INSERT INTO `espece` VALUES ('301', 'Charadrius vociferus', 'Gravelot kildir', 'Killdeer', 'CHARADRIIDAE', 'Charadrius', 'A', null, 'MO', 'HO', null);
INSERT INTO `espece` VALUES ('302', 'Charadrius pecuarius', 'Gravelot ptre', 'Kittlitz\'s Plover', 'CHARADRIIDAE', 'Charadrius', 'A', null, 'MO', null, null);
INSERT INTO `espece` VALUES ('303', 'Charadrius tricollaris', 'Gravelot  triple collier', 'Three-banded Plover', 'CHARADRIIDAE', 'Charadrius', null, null, null, null, null);
INSERT INTO `espece` VALUES ('304', 'Charadrius alexandrinus', 'Gravelot  collier interrompu', 'Kentish Plover', 'CHARADRIIDAE', 'Charadrius', 'A', 'N', 'M', 'HR', null);
INSERT INTO `espece` VALUES ('305', 'Charadrius mongolus', 'Gravelot mongol', 'Lesser Sand Plover', 'CHARADRIIDAE', 'Charadrius', 'A', null, 'MO', null, null);
INSERT INTO `espece` VALUES ('306', 'Charadrius leschenaultii', 'Gravelot de Leschenault', 'Greater Sand Plover', 'CHARADRIIDAE', 'Charadrius', 'A', null, 'MO', null, null);
INSERT INTO `espece` VALUES ('307', 'Charadrius asiaticus', 'Pluvier asiatique', 'Caspian Plover', 'CHARADRIIDAE', 'Charadrius', 'A', null, 'MO', null, null);
INSERT INTO `espece` VALUES ('308', 'Charadrius veredus', 'Pluvier oriental', 'Oriental Plover', 'CHARADRIIDAE', 'Charadrius', null, null, null, null, null);
INSERT INTO `espece` VALUES ('309', 'Charadrius morinellus', 'Pluvier guignard', 'Dotterel', 'CHARADRIIDAE', 'Charadrius', 'A', 'NO', 'M', 'HO', null);
INSERT INTO `espece` VALUES ('310', 'Pluvialis dominica', 'Pluvier bronz', 'American Golden Plover', 'CHARADRIIDAE', 'Pluvialis', 'A', null, 'MO', null, null);
INSERT INTO `espece` VALUES ('311', 'Pluvialis fulva', 'Pluvier fauve', 'Pacific Golden Plover', 'CHARADRIIDAE', 'Pluvialis', 'A', null, 'MO', null, null);
INSERT INTO `espece` VALUES ('312', 'Pluvialis apricaria', 'Pluvier dor', 'European Golden Plover', 'CHARADRIIDAE', 'Pluvialis', 'A', null, 'M', 'H', null);
INSERT INTO `espece` VALUES ('313', 'Pluvialis squatarola', 'Pluvier argent', 'Grey Plover', 'CHARADRIIDAE', 'Pluvialis', 'A', null, 'M', 'H', null);
INSERT INTO `espece` VALUES ('314', 'Vanellus spinosus', 'Vanneau peronn', 'Spur-winged Plover', 'CHARADRIIDAE', 'Vanellus', null, null, null, null, null);
INSERT INTO `espece` VALUES ('315', 'Vanellus tectus', 'Vanneau  tte noire', 'Black-headed Plover', 'CHARADRIIDAE', 'Vanellus', 'E', null, null, null, null);
INSERT INTO `espece` VALUES ('316', 'Vanellus indicus', 'Vanneau indien', 'Red-wattled Plover', 'CHARADRIIDAE', 'Vanellus', null, null, null, null, null);
INSERT INTO `espece` VALUES ('317', 'Vanellus gregarius', 'Vanneau sociable', 'Sociable Plover', 'CHARADRIIDAE', 'Vanellus', 'A', null, 'MO', 'HO', null);
INSERT INTO `espece` VALUES ('318', 'Vanellus leucurus', 'Vanneau  queue blanche', 'White-tailed Plover', 'CHARADRIIDAE', 'Vanellus', 'A', null, 'MO', null, null);
INSERT INTO `espece` VALUES ('319', 'Vanellus vanellus', 'Vanneau hupp', 'Northern Lapwing', 'CHARADRIIDAE', 'Vanellus', 'A', 'N', 'M', 'H', null);
INSERT INTO `espece` VALUES ('320', 'Calidris tenuirostris', 'Bcasseau de l\'Anadyr', 'Great Knot', 'SCOLOPACIDAE', 'Calidris', null, null, null, null, null);
INSERT INTO `espece` VALUES ('321', 'Calidris canutus', 'Bcasseau maubche', 'Red Knot', 'SCOLOPACIDAE', 'Calidris', 'A', null, 'M', 'H', null);
INSERT INTO `espece` VALUES ('322', 'Calidris alba', 'Bcasseau sanderling', 'Sanderling', 'SCOLOPACIDAE', 'Calidris', 'A', null, 'M', 'H', null);
INSERT INTO `espece` VALUES ('323', 'Calidris pusilla', 'Bcasseau semipalm', 'Semipalmated Sandpiper', 'SCOLOPACIDAE', 'Calidris', 'A', null, 'MO', null, null);
INSERT INTO `espece` VALUES ('324', 'Calidris mauri', 'Bcasseau d\'Alaska', 'Western Sandpiper', 'SCOLOPACIDAE', 'Calidris', 'A', null, 'MO', null, null);
INSERT INTO `espece` VALUES ('325', 'Calidris ruficollis', 'Bcasseau  cou roux', 'Red-necked Stint', 'SCOLOPACIDAE', 'Calidris', 'A', null, 'MO', null, null);
INSERT INTO `espece` VALUES ('326', 'Calidris minuta', 'Bcasseau minute', 'Little Stint', 'SCOLOPACIDAE', 'Calidris', 'A', null, 'M', 'H', null);
INSERT INTO `espece` VALUES ('327', 'Calidris temminckii', 'Bcasseau de Temminck', 'Temminck\'s Stint', 'SCOLOPACIDAE', 'Calidris', 'A', null, 'MR', 'HR', null);
INSERT INTO `espece` VALUES ('328', 'Calidris subminuta', 'Bcasseau  longs doigts', 'Long-toed Stint', 'SCOLOPACIDAE', 'Calidris', null, null, null, null, null);
INSERT INTO `espece` VALUES ('329', 'Calidris minutilla', 'Bcasseau minuscule', 'Least sandpiper', 'SCOLOPACIDAE', 'Calidris', 'A', null, 'MO', null, null);
INSERT INTO `espece` VALUES ('330', 'Calidris fuscicollis', 'Bcasseau de Bonaparte', 'White-rumped Sandpiper', 'SCOLOPACIDAE', 'Calidris', 'A', null, 'MO', null, null);
INSERT INTO `espece` VALUES ('331', 'Calidris bairdii', 'Bcasseau de Baird', 'Baird\'s Sandpiper', 'SCOLOPACIDAE', 'Calidris', 'A', null, 'MO', 'HO', null);
INSERT INTO `espece` VALUES ('332', 'Calidris melanotos', 'Bcasseau tachet', 'Pectoral Sandpiper', 'SCOLOPACIDAE', 'Calidris', 'A', null, 'MR', null, null);
INSERT INTO `espece` VALUES ('333', 'Calidris acuminata', 'Bcasseau  queue pointue', 'Sharp-tailed Sandpiper', 'SCOLOPACIDAE', 'Calidris', 'A', null, 'MO', null, null);
INSERT INTO `espece` VALUES ('334', 'Calidris ferruginea', 'Bcasseau cocorli', 'Curlew Sandpiper', 'SCOLOPACIDAE', 'Calidris', 'A', null, 'M', 'HO', null);
INSERT INTO `espece` VALUES ('335', 'Calidris himantopus', 'Bcasseau  chasses', 'Stilt Sandpiper', 'SCOLOPACIDAE', 'Calidris', 'A', null, 'MO', null, null);
INSERT INTO `espece` VALUES ('336', 'Calidris maritima', 'Bcasseau violet', 'Purple Sandpiper', 'SCOLOPACIDAE', 'Calidris', 'A', null, 'M', 'H', null);
INSERT INTO `espece` VALUES ('337', 'Calidris alpina', 'Bcasseau variable', 'Dunlin', 'SCOLOPACIDAE', 'Calidris', 'A', 'NO', 'M', 'H', null);
INSERT INTO `espece` VALUES ('338', 'Limicola falcinellus', 'Bcasseau falcinelle', 'Broad-billed Sandpiper', 'SCOLOPACIDAE', 'Limicola', 'A', null, 'MR', null, null);
INSERT INTO `espece` VALUES ('339', 'Tryngites subruficollis', 'Bcasseau rousset', 'Buff-breasted Sandpiper', 'SCOLOPACIDAE', 'Tryngites', 'A', null, 'MR', null, null);
INSERT INTO `espece` VALUES ('340', 'Philomachus pugnax', 'Combattant vari', 'Ruff', 'SCOLOPACIDAE', 'Philomachus', 'A', 'NO', 'M', 'H', null);
INSERT INTO `espece` VALUES ('341', 'Lymnocryptes minimus', 'Bcassine sourde', 'Jack Snipe', 'SCOLOPACIDAE', 'Lymnocryptes', 'A', null, 'M', 'H', null);
INSERT INTO `espece` VALUES ('342', 'Gallinago gallinago', 'Bcassine des marais', 'Common Snipe', 'SCOLOPACIDAE', 'Gallinago', 'A', 'NR', 'M', 'H', null);
INSERT INTO `espece` VALUES ('343', 'Gallinago delicata', 'Bcassine de Wilson', 'Wilson\'s Snipe', 'SCOLOPACIDAE', 'Gallinago', 'A', null, 'MO', null, null);
INSERT INTO `espece` VALUES ('344', 'Gallinago media', 'Bcassine double', 'Great Snipe', 'SCOLOPACIDAE', 'Gallinago', 'A', null, 'MR', null, null);
INSERT INTO `espece` VALUES ('345', 'Gallinago stenura', 'Bcassine  queue pointue', 'Pintail Snipe', 'SCOLOPACIDAE', 'Gallinago', null, null, null, null, null);
INSERT INTO `espece` VALUES ('346', 'Gallinago megala', 'Bcassine de Swinhoe', 'Swinhoe\'s Snipe', 'SCOLOPACIDAE', 'Gallinago', null, null, null, null, null);
INSERT INTO `espece` VALUES ('347', 'Limnodromus griseus', 'Bcassin  bec court', 'Short-billed Dowitcher', 'SCOLOPACIDAE', 'Limnodromus', 'A', null, 'MO', null, null);
INSERT INTO `espece` VALUES ('348', 'Limnodromus scolopaceus', 'Bcassin  long bec', 'Long-billed Dowitcher', 'SCOLOPACIDAE', 'Limnodromus', 'A', null, 'MO', 'HO', null);
INSERT INTO `espece` VALUES ('349', 'Scolopax rusticola', 'Bcasse des bois', 'Woodcock', 'SCOLOPACIDAE', 'Scolopax', 'A', 'N', 'M', 'H', null);
INSERT INTO `espece` VALUES ('350', 'Limosa limosa', 'Barge  queue noire', 'Black-tailed Godwit', 'SCOLOPACIDAE', 'Limosa', 'A', 'N', 'M', 'H', null);
INSERT INTO `espece` VALUES ('351', 'Limosa haemastica', 'Barge hudsonienne', 'Hudsonian Godwit', 'SCOLOPACIDAE', 'Limosa', null, null, null, null, null);
INSERT INTO `espece` VALUES ('352', 'Limosa lapponica', 'Barge rousse', 'Bar-tailed Godwit', 'SCOLOPACIDAE', 'Limosa', 'A', null, 'M', 'H', null);
INSERT INTO `espece` VALUES ('353', 'Numenius minutus', 'Courlis nain', 'Little Curlew', 'SCOLOPACIDAE', 'Numenius', null, null, null, null, null);
INSERT INTO `espece` VALUES ('354', 'Numenius borealis', 'Courlis esquimau', 'Eskimo Curlew', 'SCOLOPACIDAE', 'Numenius', null, null, null, null, null);
INSERT INTO `espece` VALUES ('355', 'Numenius phaeopus', 'Courlis corlieu', 'Whimbrel', 'SCOLOPACIDAE', 'Numenius', 'A', null, 'M', 'HR', null);
INSERT INTO `espece` VALUES ('356', 'Numenius tenuirostris', 'Courlis  bec grle', 'Slender-billed Curlew', 'SCOLOPACIDAE', 'Numenius', 'A', null, 'MO', null, null);
INSERT INTO `espece` VALUES ('357', 'Numenius arquata', 'Courlis cendr', 'Eurasian Curlew', 'SCOLOPACIDAE', 'Numenius', 'A', 'N', 'M', 'H', null);
INSERT INTO `espece` VALUES ('358', 'Bartramia longicauda', 'Bartramie des champs', 'Upland Sandpiper', 'SCOLOPACIDAE', 'Bartramia', 'A', null, 'MO', null, null);
INSERT INTO `espece` VALUES ('359', 'Tringa erythropus', 'Chevalier arlequin', 'Spotted Redshank', 'SCOLOPACIDAE', 'Tringa', 'A', null, 'M', 'H', null);
INSERT INTO `espece` VALUES ('360', 'Tringa totanus', 'Chevalier gambette', 'Common Redshank', 'SCOLOPACIDAE', 'Tringa', 'A', 'N', 'M', 'H', null);
INSERT INTO `espece` VALUES ('361', 'Tringa stagnatilis', 'Chevalier stagnatile', 'Marsh Sandpiper', 'SCOLOPACIDAE', 'Tringa', 'A', null, 'MR', null, null);
INSERT INTO `espece` VALUES ('362', 'Tringa nebularia', 'Chevalier aboyeur', 'Greenshank', 'SCOLOPACIDAE', 'Tringa', 'A', null, 'M', 'H', null);
INSERT INTO `espece` VALUES ('363', 'Tringa melanoleuca', 'Chevalier criard', 'Greater Yellowlegs', 'SCOLOPACIDAE', 'Tringa', 'A', null, 'MO', null, null);
INSERT INTO `espece` VALUES ('364', 'Tringa flavipes', 'Chevalier  pattes jaunes', 'Lesser Yellowlegs', 'SCOLOPACIDAE', 'Tringa', 'A', null, 'MO', null, null);
INSERT INTO `espece` VALUES ('365', 'Tringa solitaria', 'Chevalier solitaire', 'Solitary Sandpiper', 'SCOLOPACIDAE', 'Tringa', 'A', null, 'MO', 'HO', null);
INSERT INTO `espece` VALUES ('366', 'Tringa ochropus', 'Chevalier culblanc', 'Green Sandpiper', 'SCOLOPACIDAE', 'Tringa', 'A', null, 'M', 'H', null);
INSERT INTO `espece` VALUES ('367', 'Tringa glareola', 'Chevalier sylvain', 'Wood Sandpiper', 'SCOLOPACIDAE', 'Tringa', 'A', null, 'M', 'HO', null);
INSERT INTO `espece` VALUES ('368', 'Xenus cinereus', 'Chevalier bargette', 'Terek Sandpiper', 'SCOLOPACIDAE', 'Xenus', 'A', null, 'MO', null, null);
INSERT INTO `espece` VALUES ('369', 'Actitis hypoleucos', 'Chevalier guignette', 'Common Sandpiper', 'SCOLOPACIDAE', 'Actitis', 'A', 'N', 'M', 'H', null);
INSERT INTO `espece` VALUES ('370', 'Actitis macularius', 'Chevalier grivel', 'Spotted Sandpiper', 'SCOLOPACIDAE', 'Actitis', 'A', null, 'MO', null, null);
INSERT INTO `espece` VALUES ('371', 'Heteroscelus brevipes', 'Chevalier de Sibrie', 'Grey-tailed Tattler', 'SCOLOPACIDAE', 'Heteroscelus', null, null, null, null, null);
INSERT INTO `espece` VALUES ('372', 'Catoptrophorus semipalmatus ', 'Chevalier semipalm', 'Willet', 'SCOLOPACIDAE', 'Catoptrophorus', 'A', null, 'MO', null, null);
INSERT INTO `espece` VALUES ('373', 'Arenaria interpres', 'Tournepierre  collier', 'Turnstone', 'SCOLOPACIDAE', 'Arenaria', 'A', null, 'M', 'H', null);
INSERT INTO `espece` VALUES ('374', 'Phalaropus tricolor', 'Phalarope de Wilson', 'Wilson\'s Phalarope', 'SCOLOPACIDAE', 'Phalaropus', 'A', null, 'MO', 'HO', null);
INSERT INTO `espece` VALUES ('375', 'Phalaropus lobatus', 'Phalarope  bec troit', 'Red-necked Phalarope', 'SCOLOPACIDAE', 'Phalaropus', 'A', null, 'MR', 'HO', null);
INSERT INTO `espece` VALUES ('376', 'Phalaropus fulicarius', 'Phalarope  bec large', 'Grey Phalarope', 'SCOLOPACIDAE', 'Phalaropus', 'A', null, 'M', 'HR', null);
INSERT INTO `espece` VALUES ('377', 'Stercorarius pomarinus', 'Labbe pomarin', 'Pomarine Skua', 'STERCORARIIDAE', 'Stercorarius', 'A', null, 'M', 'HO', null);
INSERT INTO `espece` VALUES ('378', 'Stercorarius parasiticus', 'Labbe parasite', 'Arctic Skua', 'STERCORARIIDAE', 'Stercorarius', 'A', null, 'M', 'HR', null);
INSERT INTO `espece` VALUES ('379', 'Stercorarius longicaudus', 'Labbe  longue queue', 'Long-tailed Skua', 'STERCORARIIDAE', 'Stercorarius', 'A', null, 'MR', null, null);
INSERT INTO `espece` VALUES ('380', 'Stercorarius skua', 'Grand Labbe', 'Great Skua', 'STERCORARIIDAE', 'Stercorarius', 'A', null, 'M', 'H', null);
INSERT INTO `espece` VALUES ('381', 'Stercorarius maccormicki', 'Labbe de McCormick', 'South Polar Skua', 'STERCORARIIDAE', 'Stercorarius', null, null, null, null, null);
INSERT INTO `espece` VALUES ('382', 'Larus hemprichii', 'Goland de Hemprich', 'Sooty Gull', 'LARIDAE', 'Larus', null, null, null, null, null);
INSERT INTO `espece` VALUES ('383', 'Larus leucophthalmus', 'Goland  iris blanc', 'White-eyed Gull', 'LARIDAE', 'Larus', null, null, null, null, null);
INSERT INTO `espece` VALUES ('384', 'Larus ichthyaetus', 'Goland ichthyate', 'Great Black-headed Gull', 'LARIDAE', 'Larus', 'A', null, 'MO', null, null);
INSERT INTO `espece` VALUES ('385', 'Larus melanocephalus', 'Mouette mlanocphale', 'Mediterranean Gull', 'LARIDAE', 'Larus', 'A', 'N', 'M', 'H', null);
INSERT INTO `espece` VALUES ('386', 'Larus atricilla', 'Mouette atricille', 'Laughing Gull', 'LARIDAE', 'Larus', 'A', null, 'MO', 'HO', null);
INSERT INTO `espece` VALUES ('387', 'Larus pipixcan', 'Mouette de Franklin', 'Franklin\'s Gull', 'LARIDAE', 'Larus', 'A', null, 'MO', 'HO', null);
INSERT INTO `espece` VALUES ('388', 'Larus minutus', 'Mouette pygme', 'Little Gull', 'LARIDAE', 'Larus', 'A', 'NO', 'M', 'H', null);
INSERT INTO `espece` VALUES ('389', 'Larus sabini', 'Mouette de Sabine', 'Sabine\'s Gull', 'LARIDAE', 'Larus', 'A', null, 'M', 'HO', null);
INSERT INTO `espece` VALUES ('390', 'Larus philadelphia', 'Mouette de Bonaparte', 'Bonaparte\'s Gull', 'LARIDAE', 'Larus', 'A', null, 'MO', 'HO', null);
INSERT INTO `espece` VALUES ('391', 'Larus ridibundus', 'Mouette rieuse', 'Black-headed Gull', 'LARIDAE', 'Larus', 'A', 'N', 'M', 'H', null);
INSERT INTO `espece` VALUES ('392', 'Larus brunnicephalus', 'Mouette du Tibet', 'Brown-headed Gull', 'LARIDAE', 'Larus', null, null, null, null, null);
INSERT INTO `espece` VALUES ('393', 'Larus cirrocephalus', 'Mouette  tte grise', 'Grey-headed Gull', 'LARIDAE', 'Larus', null, null, null, null, null);
INSERT INTO `espece` VALUES ('394', 'Larus genei', 'Goland railleur', 'Slender-billed Gull', 'LARIDAE', 'Larus', 'A', 'N', 'MR', 'HO', null);
INSERT INTO `espece` VALUES ('395', 'Larus audouinii', 'Goland d\'Audouin', 'Audouin\'s Gull', 'LARIDAE', 'Larus', 'A', 'NR', 'MR', 'HO', null);
INSERT INTO `espece` VALUES ('396', 'Larus delawarensis', 'Goland  bec cercl', 'Ring-billed Gull', 'LARIDAE', 'Larus', 'A', null, 'MR', 'HR', null);
INSERT INTO `espece` VALUES ('397', 'Larus canus', 'Goland cendr', 'Common Gull', 'LARIDAE', 'Larus', 'A', 'NR', 'M', 'H', null);
INSERT INTO `espece` VALUES ('398', 'Larus dominicanus', 'Goland dominicain', 'Kelp Gull', 'LARIDAE', 'Larus', 'D', null, 'MO', null, null);
INSERT INTO `espece` VALUES ('399', 'Larus armenicus', 'Goland d\'Armnie', 'Armenian Gull', 'LARIDAE', 'Larus', null, null, null, null, null);
INSERT INTO `espece` VALUES ('400', 'Larus michahellis', 'Goland leucophe', 'Yellow-legged Gull', 'LARIDAE', 'Larus', 'A', 'N', 'M', 'H', null);
INSERT INTO `espece` VALUES ('401', 'Larus marinus', 'Goland marin', 'Great Black-backed Gull', 'LARIDAE', 'Larus', 'A', 'NS', 'M', 'H', null);
INSERT INTO `espece` VALUES ('402', 'Larus fuscus ', 'Goland brun', 'Lesser Black-backed Gull', 'LARIDAE', 'Larus', 'A', 'N', 'M', 'H', null);
INSERT INTO `espece` VALUES ('403', 'Larus argentatus', 'Goland argent', 'Herring Gull', 'LARIDAE', 'Larus', 'A', 'NS', 'M', 'H', null);
INSERT INTO `espece` VALUES ('404', 'Larus cachinnans', 'Goland pontique', 'Caspian Gull', 'LARIDAE', 'Larus', 'A', null, 'MR', 'HR', null);
INSERT INTO `espece` VALUES ('405', 'Larus smithsonianus', 'Goland d\'Amrique', 'American Herring Gull', 'LARIDAE', 'Larus', 'A', null, 'MO', 'HO', null);
INSERT INTO `espece` VALUES ('406', 'Larus glaucescens', 'Goland  ailes grises', 'Glaucous-winged Gull', 'LARIDAE', 'Larus', null, null, null, null, null);
INSERT INTO `espece` VALUES ('407', 'Larus hyperboreus', 'Goland bourgmestre', 'Glaucous Gull', 'LARIDAE', 'Larus', 'A', null, 'MR', 'HR', null);
INSERT INTO `espece` VALUES ('408', 'Larus thayeri', 'Goland de Thayer', 'Thayer\'s Gull', 'LARIDAE', 'Larus', null, null, null, null, null);
INSERT INTO `espece` VALUES ('409', 'Larus glaucoides', 'Goland  ailes blanches', 'Iceland Gull', 'LARIDAE', 'Larus', 'A', null, 'MO', 'HO', null);
INSERT INTO `espece` VALUES ('410', 'Rhodostethia rosea', 'Mouette de Ross', 'Ross\'s Gull', 'LARIDAE', 'Rhodostethia', 'A', null, 'MO', null, null);
INSERT INTO `espece` VALUES ('411', 'Rissa tridactyla', 'Mouette tridactyle', 'Kittiwake', 'LARIDAE', 'Rissa', 'A', 'N', 'M', 'H', null);
INSERT INTO `espece` VALUES ('412', 'Pagophila eburnea', 'Mouette blanche', 'Ivory Gull', 'LARIDAE', 'Pagophila', 'A', null, 'MO', null, null);
INSERT INTO `espece` VALUES ('413', 'Anous stolidus', 'Noddi brun', 'Brown Noddy', 'STERNIDAE', 'Anous', null, null, null, null, null);
INSERT INTO `espece` VALUES ('414', 'Onychoprion aleutica', 'Sterne des Aloutiennes', 'Aleutian Tern', 'STERNIDAE', 'Onychoprion', null, null, null, null, null);
INSERT INTO `espece` VALUES ('415', 'Onychoprion fuscata', 'Sterne fuligineuse', 'Sooty Tern', 'STERNIDAE', 'Onychoprion', 'A', null, 'MO', null, null);
INSERT INTO `espece` VALUES ('416', 'Onychoprion anaethetus', 'Sterne bride', 'Bridled Tern', 'STERNIDAE', 'Onychoprion', 'A', null, 'MO', null, null);
INSERT INTO `espece` VALUES ('417', 'Sternula albifrons', 'Sterne naine', 'Little Tern', 'STERNIDAE', 'Sternula', 'A', 'N', 'M', 'NO', null);
INSERT INTO `espece` VALUES ('418', 'Sternula saundersi', 'Sterne de Saunders', 'Saunders\'s Tern', 'STERNIDAE', 'Sternula', null, null, null, null, null);
INSERT INTO `espece` VALUES ('419', 'Gelochelidon nilotica', 'Sterne hansel', 'Gull-billed Tern', 'STERNIDAE', 'Gelochelidon', 'A', 'N', 'M', null, null);
INSERT INTO `espece` VALUES ('420', 'Hydroprogne caspia', 'Sterne caspienne', 'Caspian Tern', 'STERNIDAE', 'Hydroprogne', 'A', 'NO', 'MR', null, null);
INSERT INTO `espece` VALUES ('421', 'Chlidonias hybrida', 'Guifette moustac', 'Whiskered Tern', 'STERNIDAE', 'Chlidonias', 'A', 'N', 'M', 'HR', null);
INSERT INTO `espece` VALUES ('422', 'Chlidonias niger', 'Guifette noire', 'Black Tern', 'STERNIDAE', 'Chlidonias', 'A', 'N', 'M', 'HO', null);
INSERT INTO `espece` VALUES ('423', 'Chlidonias leucopterus', 'Guifette leucoptre', 'White-winged Black Tern', 'STERNIDAE', 'Chlidonias', 'A', null, 'MR', null, null);
INSERT INTO `espece` VALUES ('424', 'Sterna sandvicensis', 'Sterne caugek', 'Sandwich Tern', 'STERNIDAE', 'Sterna', 'A', 'N', 'M', 'H', null);
INSERT INTO `espece` VALUES ('425', 'Sterna elegans', 'Sterne lgante', 'Elegant Tern', 'STERNIDAE', 'Sterna', 'A', 'NO', 'MO', null, null);
INSERT INTO `espece` VALUES ('426', 'Sterna maxima', 'Sterne royale', 'Royal Tern', 'STERNIDAE', 'Sterna', 'A', null, 'MO', null, null);
INSERT INTO `espece` VALUES ('427', 'Sterna bergii', 'Sterne huppe', 'Crested Tern', 'STERNIDAE', 'Sterna', null, null, null, null, null);
INSERT INTO `espece` VALUES ('428', 'Sterna bengalensis', 'Sterne voyageuse', 'Lesser Crested Tern', 'STERNIDAE', 'Sterna', 'A', 'NO', 'MO', null, null);
INSERT INTO `espece` VALUES ('429', 'Sterna forsteri', 'Sterne de Forster', 'Forster\'s Tern', 'STERNIDAE', 'Sterna', 'A', null, null, 'HO', null);
INSERT INTO `espece` VALUES ('430', 'Sterna hirundo', 'Sterne pierregarin', 'Common Tern', 'STERNIDAE', 'Sterna', 'A', 'N', 'M', 'HR', null);
INSERT INTO `espece` VALUES ('431', 'Sterna paradisaea', 'Sterne arctique', 'Arctic Tern', 'STERNIDAE', 'Sterna', 'A', 'NO', 'M', null, null);
INSERT INTO `espece` VALUES ('432', 'Sterna repressa', 'Sterne  joues blanches', 'White-cheeked Tern', 'STERNIDAE', 'Sterna', null, null, null, null, null);
INSERT INTO `espece` VALUES ('433', 'Sterna dougallii', 'Sterne de Dougall', 'Roseate Tern', 'STERNIDAE', 'Sterna', 'A', 'NR', 'MR', null, null);
INSERT INTO `espece` VALUES ('434', 'Rynchops flavirostris', 'Bec-en-ciseaux d\'Afrique', 'African Skimmer', 'RYNCHOPIDAE', 'Rynchops', null, null, null, null, null);
INSERT INTO `espece` VALUES ('435', 'Uria aalge', 'Guillemot de Trol', 'Common Guillemot', 'ALCIDAE', 'Uria', 'A', 'N', 'M', 'H', null);
INSERT INTO `espece` VALUES ('436', 'Uria lomvia', 'Guillemot de Brnnich', 'Brnnich\'s Guillemot', 'ALCIDAE', 'Uria', 'A', null, 'MO', 'HO', null);
INSERT INTO `espece` VALUES ('437', 'Alca torda', 'Pingouin torda', 'Razorbill', 'ALCIDAE', 'Alca', 'A', 'NR', 'M', 'H', null);
INSERT INTO `espece` VALUES ('438', 'Cepphus grylle', 'Guillemot  miroir', 'Black Guillemot', 'ALCIDAE', 'Cepphus', 'A', null, 'MO', 'HO', null);
INSERT INTO `espece` VALUES ('439', 'Brachyramphus perdix', 'Guillemot marbr', 'Long-billed Murrelet', 'ALCIDAE', 'Brachyramphus', null, null, null, null, null);
INSERT INTO `espece` VALUES ('440', 'Alle alle', 'Mergule nain', 'Little Auk', 'ALCIDAE', 'Alle', 'A', null, 'MR', 'HR', null);
INSERT INTO `espece` VALUES ('441', 'Aethia cristatella', 'Starique cristatelle', 'Crested Auklet', 'ALCIDAE', 'Aethia', null, null, null, null, null);
INSERT INTO `espece` VALUES ('442', 'Aethia psittacula', 'Starique perroquet', 'Parakeet Auklet', 'ALCIDAE', 'Aethia', null, null, null, null, null);
INSERT INTO `espece` VALUES ('443', 'Synthliboramphus antiquus', 'Guillemot  cou blanc', 'Ancient Murrelet', 'ALCIDAE', 'Synthliboramphus', null, null, null, null, null);
INSERT INTO `espece` VALUES ('444', 'Fratercula arctica', 'Macareux moine', 'Puffin', 'ALCIDAE', 'Fratercula', 'A', 'N', 'M', 'H', null);
INSERT INTO `espece` VALUES ('445', 'Lunda cirrhata', 'Macareux hupp', 'Tufted Puffin', 'ALCIDAE', 'Lunda', null, null, null, null, null);
INSERT INTO `espece` VALUES ('446', 'Pterocles lichtensteinii', 'Ganga de Lichtenstein', 'Lichtenstein\'s Sandgrouse', 'PTEROCLIDIDAE', 'Pterocles', null, null, null, null, null);
INSERT INTO `espece` VALUES ('447', 'Pterocles coronatus', 'Ganga couronn', 'Crowned Sandgrouse', 'PTEROCLIDIDAE', 'Pterocles', null, null, null, null, null);
INSERT INTO `espece` VALUES ('448', 'Pterocles senegallus', 'Ganga tachet', 'Spotted Sandgrouse', 'PTEROCLIDIDAE', 'Pterocles', null, null, null, null, null);
INSERT INTO `espece` VALUES ('449', 'Pterocles exustus', 'Ganga  ventre brun', 'Chestnut-bellied Sandgrouse', 'PTEROCLIDIDAE', 'Pterocles', null, null, null, null, null);
INSERT INTO `espece` VALUES ('450', 'Pterocles orientalis', 'Ganga unibande', 'Black-bellied Sandgrouse', 'PTEROCLIDIDAE', 'Pterocles', null, null, null, null, null);
INSERT INTO `espece` VALUES ('451', 'Pterocles alchata', 'Ganga cata', 'Pin-tailed Sandgrouse', 'PTEROCLIDIDAE', 'Pterocles', 'A', 'NSR', 'MO', null, null);
INSERT INTO `espece` VALUES ('452', 'Syrrhaptes paradoxus', 'Syrrhapte paradoxal', 'Pallas\'s Sandgrouse', 'PTEROCLIDIDAE', 'Syrrhaptes', 'A', null, 'MO', null, null);
INSERT INTO `espece` VALUES ('453', 'Columba livia', 'Pigeon biset', 'Rock Pigeon', 'COLUMBIDAE', 'Columba', 'A', 'NS', null, null, null);
INSERT INTO `espece` VALUES ('454', 'Columba oenas', 'Pigeon colombin', 'Stock Pigeon', 'COLUMBIDAE', 'Columba', 'A', 'N', 'M', 'H', null);
INSERT INTO `espece` VALUES ('455', 'Columba eversmanni', 'Pigeon d\'Eversmann', 'Yellow-eyed Stock Dove', 'COLUMBIDAE', 'Columba', null, null, null, null, null);
INSERT INTO `espece` VALUES ('456', 'Columba palumbus', 'Pigeon ramier', 'Wood Pigeon', 'COLUMBIDAE', 'Columba', 'A', 'NS', 'M', 'H', null);
INSERT INTO `espece` VALUES ('457', 'Columba trocaz', 'Pigeon trocaz', 'Trocaz Pigeon', 'COLUMBIDAE', 'Columba', null, null, null, null, null);
INSERT INTO `espece` VALUES ('458', 'Columba bollii', 'Pigeon de Bolle', 'Bolle\'s Pigeon', 'COLUMBIDAE', 'Columba', null, null, null, null, null);
INSERT INTO `espece` VALUES ('459', 'Columba junoniae', 'Pigeon des lauriers', 'Laurel Pigeon', 'COLUMBIDAE', 'Columba', null, null, null, null, null);
INSERT INTO `espece` VALUES ('460', 'Streptopelia roseogrisea', 'Tourterelle rieuse', 'African Collared Dove', 'COLUMBIDAE', 'Streptopelia', 'E', null, null, null, null);
INSERT INTO `espece` VALUES ('461', 'Streptopelia decaocto', 'Tourterelle turque', 'Collared Dove', 'COLUMBIDAE', 'Streptopelia', 'A', 'NS', 'M', 'H', null);
INSERT INTO `espece` VALUES ('462', 'Streptopelia turtur', 'Tourterelle des bois', 'Turtle Dove', 'COLUMBIDAE', 'Streptopelia', 'A', 'N', 'M', 'HO', null);
INSERT INTO `espece` VALUES ('463', 'Streptopelia orientalis', 'Tourterelle orientale', 'Oriental Turtle Dove', 'COLUMBIDAE', 'Streptopelia', 'A', null, 'MO', null, null);
INSERT INTO `espece` VALUES ('464', 'Streptopelia senegalensis', 'Tourterelle maille', 'Laughing Dove', 'COLUMBIDAE', 'Streptopelia', 'D', null, 'MO', null, null);
INSERT INTO `espece` VALUES ('465', 'Oena capensis', 'Tourterelle masque', 'Namaqua Dove', 'COLUMBIDAE', 'Oena', 'E', null, null, null, null);
INSERT INTO `espece` VALUES ('466', 'Zenaida macroura', 'Tourterelle triste', 'Mourning Dove', 'COLUMBIDAE', 'Zenaida', null, null, null, null, null);
INSERT INTO `espece` VALUES ('467', 'Psittacula krameri', 'Perruche  collier', 'Rose-ringed Parakeet', 'PSITTACIDAE', 'Psittacula', 'C', 'NSR', 'MR', null, null);
INSERT INTO `espece` VALUES ('468', 'Agapornis fischeri', 'Insparable de Fischer', 'Fischer\'s Lovebird', 'PSITTACIDAE', 'Agapornis', 'C', 'NS', null, null, null);
INSERT INTO `espece` VALUES ('469', 'Nandayus nenday', 'Conure nanday', 'Nanday Parakeet', 'PSITTACIDAE', 'Nandayus', null, null, null, null, null);
INSERT INTO `espece` VALUES ('470', 'Myiopsitta monachus', 'Conure veuve', 'Monk Parakeet', 'PSITTACIDAE', 'Myiopsitta', 'E', 'NO', null, null, null);
INSERT INTO `espece` VALUES ('471', 'Urocolius macrourus', 'Coliou hupp', 'Blue-naped Mousebird', 'COLIIDAE', 'Urocolius', null, null, null, null, null);
INSERT INTO `espece` VALUES ('472', 'Clamator jacobinus', 'Coucou jacobin', 'Jacobin Cuckoo', 'CUCULIDAE', 'Clamator', null, null, null, null, null);
INSERT INTO `espece` VALUES ('473', 'Clamator glandarius', 'Coucou geai', 'Great Spotted Cuckoo', 'CUCULIDAE', 'Clamator', 'A', 'N', 'M', 'HO', null);
INSERT INTO `espece` VALUES ('474', 'Chrysococcyx caprius', 'Coucou didric', 'Didric Cuckoo', 'CUCULIDAE', 'Chrysococcyx', null, null, null, null, null);
INSERT INTO `espece` VALUES ('475', 'Cuculus canorus', 'Coucou gris', 'Common Cuckoo', 'CUCULIDAE', 'Cuculus', 'A', 'N', 'M', null, null);
INSERT INTO `espece` VALUES ('476', 'Cuculus saturatus', 'Coucou oriental', 'Oriental Cuckoo', 'CUCULIDAE', 'Cuculus', null, null, null, null, null);
INSERT INTO `espece` VALUES ('477', 'Coccyzus erythrophthalmus', 'Coulicou  bec noir', 'Black-billed Cuckoo', 'CUCULIDAE', 'Coccyzus', 'E', null, null, null, null);
INSERT INTO `espece` VALUES ('478', 'Coccyzus americanus', 'Coulicou  bec jaune', 'Yellow-billed Cuckoo', 'CUCULIDAE', 'Coccyzus', 'A', null, 'MO', null, null);
INSERT INTO `espece` VALUES ('479', 'Centropus senegalensis', 'Coucal du Sngal', 'Senegal Coucal', 'CUCULIDAE', 'Centropus', null, null, null, null, null);
INSERT INTO `espece` VALUES ('480', 'Tyto alba', 'Effraie des clochers', 'Barn Owl', 'TYTONIDAE', 'Tyto', 'A', 'NS', 'M', 'H', null);
INSERT INTO `espece` VALUES ('481', 'Otus brucei', 'Petit-duc de Bruce', 'Striated Scops Owl', 'STRIGIDAE', 'Otus', null, null, null, null, null);
INSERT INTO `espece` VALUES ('482', 'Otus scops', 'Petit-duc scops', 'Eurasian Scops Owl', 'STRIGIDAE', 'Otus', 'A', 'N', 'M', 'HR', null);
INSERT INTO `espece` VALUES ('483', 'Bubo scandiacus', 'Harfang des neiges', 'Snowy Owl', 'STRIGIDAE', 'Bubo', 'A', null, 'MO', 'HO', null);
INSERT INTO `espece` VALUES ('484', 'Bubo bubo', 'Grand-duc d\'Europe', 'Eagle Owl', 'STRIGIDAE', 'Bubo', 'A', 'NS', null, null, null);
INSERT INTO `espece` VALUES ('485', 'Bubo zeylonensis', 'Ktoupa brun', 'Brown Fish Owl', 'STRIGIDAE', 'Bubo', null, null, null, null, null);
INSERT INTO `espece` VALUES ('486', 'Surnia ulula', 'Chouette pervire', 'Hawk Owl', 'STRIGIDAE', 'Surnia', 'B', null, 'MO', null, null);
INSERT INTO `espece` VALUES ('487', 'Glaucidium passerinum', 'Chevchette d\'Europe', 'Pygmy Owl', 'STRIGIDAE', 'Glaucidium', 'A', 'NS', null, null, null);
INSERT INTO `espece` VALUES ('488', 'Athene noctua', 'Chevche d\'Athna', 'Little Owl', 'STRIGIDAE', 'Athene', 'A', 'NS', null, null, null);
INSERT INTO `espece` VALUES ('489', 'Strix aluco', 'Chouette hulotte', 'Tawny Owl', 'STRIGIDAE', 'Strix', 'A', 'NS', null, null, null);
INSERT INTO `espece` VALUES ('490', 'Strix butleri', 'Chouette de Butler', 'Hume\'s Owl', 'STRIGIDAE', 'Strix', null, null, null, null, null);
INSERT INTO `espece` VALUES ('491', 'Strix uralensis', 'Chouette de l\'Oural', 'Ural Owl', 'STRIGIDAE', 'Strix', null, null, null, null, null);
INSERT INTO `espece` VALUES ('492', 'Strix nebulosa', 'Chouette lapone', 'Great Grey Owl', 'STRIGIDAE', 'Strix', null, null, null, null, null);
INSERT INTO `espece` VALUES ('493', 'Asio otus', 'Hibou moyen-duc', 'Long-eared Owl', 'STRIGIDAE', 'Asio', 'A', 'N', 'M', 'H', null);
INSERT INTO `espece` VALUES ('494', 'Asio flammeus', 'Hibou des marais', 'Short-eared Owl', 'STRIGIDAE', 'Asio', 'A', 'NR', 'M', 'H', null);
INSERT INTO `espece` VALUES ('495', 'Asio capensis', 'Hibou du Cap', 'Marsh Owl', 'STRIGIDAE', 'Asio', null, null, null, null, null);
INSERT INTO `espece` VALUES ('496', 'Aegolius  funereus', 'Chouette de Tengmalm', 'Tengmalm\'s Owl', 'STRIGIDAE', 'Aegolius', 'A', 'NS', null, null, null);
INSERT INTO `espece` VALUES ('497', 'Caprimulgus nubicus', 'Engoulevent de Nubie', 'Nubian Nightjar', 'CAPRIMULGIDAE', 'Caprimulgus', null, null, null, null, null);
INSERT INTO `espece` VALUES ('498', 'Caprimulgus europaeus', 'Engoulevent d\'Europe', 'European Nightjar', 'CAPRIMULGIDAE', 'Caprimulgus', 'A', 'N', 'M', null, null);
INSERT INTO `espece` VALUES ('499', 'Caprimulgus ruficollis', 'Engoulevent  collier roux', 'Red-necked Nightjar', 'CAPRIMULGIDAE', 'Caprimulgus', 'A', null, 'MO', null, null);
INSERT INTO `espece` VALUES ('500', 'Caprimulgus aegyptius', 'Engoulevent du dsert', 'Egyptian Nightjar', 'CAPRIMULGIDAE', 'Caprimulgus', null, null, null, null, null);
INSERT INTO `espece` VALUES ('501', 'Chordeiles minor', 'Engoulevent d\'Amrique', 'Common Nighthawk', 'CAPRIMULGIDAE', 'Chordeiles', 'A', null, 'MO', null, null);
INSERT INTO `espece` VALUES ('502', 'Hirundapus caudacutus', 'Martinet pineux', 'White-throated Needletail', 'APODIDAE', 'Hirundapus', null, null, null, null, null);
INSERT INTO `espece` VALUES ('503', 'Chaetura pelagica', 'Martinet ramoneur', 'Chimney Swift', 'APODIDAE', 'Chaetura', 'A', null, 'MO', null, null);
INSERT INTO `espece` VALUES ('504', 'Apus melba', 'Martinet  ventre blanc', 'Alpine Swift', 'APODIDAE', 'Apus', 'A', 'N', 'M', 'HO', null);
INSERT INTO `espece` VALUES ('505', 'Apus alexandri', 'Martinet du Cap-Vert', 'Cape Verde Swift', 'APODIDAE', 'Apus', null, null, null, null, null);
INSERT INTO `espece` VALUES ('506', 'Apus unicolor', 'Martinet unicolore', 'Plain Swift', 'APODIDAE', 'Apus', null, null, null, null, null);
INSERT INTO `espece` VALUES ('507', 'Apus apus', 'Martinet noir', 'Common Swift', 'APODIDAE', 'Apus', 'A', 'N', 'M', 'HO', null);
INSERT INTO `espece` VALUES ('508', 'Apus pallidus', 'Martinet ple', 'Pallid Swift', 'APODIDAE', 'Apus', 'A', 'N', 'M', 'HO', null);
INSERT INTO `espece` VALUES ('509', 'Apus pacificus', 'Martinet de Sibrie', 'Pacific Swift', 'APODIDAE', 'Apus', null, null, null, null, null);
INSERT INTO `espece` VALUES ('510', 'Apus caffer', 'Martinet cafre', 'White-rumped Swift', 'APODIDAE', 'Apus', null, null, null, null, null);
INSERT INTO `espece` VALUES ('511', 'Apus affinis', 'Martinet des maisons', 'Little Swift', 'APODIDAE', 'Apus', 'A', null, 'MO', null, null);
INSERT INTO `espece` VALUES ('512', 'Cypsiurus parvus', 'Martinet des palmes', 'African Palm Swift', 'APODIDAE', 'Cypsiurus', null, null, null, null, null);
INSERT INTO `espece` VALUES ('513', 'Halcyon smyrnensis', 'Martin-chasseur de Smyrne', 'White-breasted Kingfisher', 'ALCEDINIDAE', 'Halcyon', null, null, null, null, null);
INSERT INTO `espece` VALUES ('514', 'Halcyon leucocephala', 'Martin-chasseur  tte grise', 'Grey-headed Kingfisher', 'ALCEDINIDAE', 'Halcyon', null, null, null, null, null);
INSERT INTO `espece` VALUES ('515', 'Alcedo atthis', 'Martin-pcheur d\'Europe', 'Common Kingfisher', 'ALCEDINIDAE', 'Alcedo', 'A', 'N', 'M', 'H', null);
INSERT INTO `espece` VALUES ('516', 'Ceryle rudis', 'Martin-pcheur pie', 'Pied Kingfisher', 'ALCEDINIDAE', 'Ceryle', null, null, null, null, null);
INSERT INTO `espece` VALUES ('517', 'Ceryle alcyon', 'Martin-pcheur d\'Amrique', 'Belted Kingfisher', 'ALCEDINIDAE', 'Ceryle', null, null, null, null, null);
INSERT INTO `espece` VALUES ('518', 'Merops orientalis', 'Gupier d\'Orient', 'Little Green Bee-eater', 'MEROPIDAE', 'Merops', null, null, null, null, null);
INSERT INTO `espece` VALUES ('519', 'Merops persicus', 'Gupier de Perse', 'Blue-cheeked Bee-eater', 'MEROPIDAE', 'Merops', 'A', null, 'MO', null, null);
INSERT INTO `espece` VALUES ('520', 'Merops apiaster', 'Gupier d\'Europe', 'European Bee-eater', 'MEROPIDAE', 'Merops', 'A', 'N', 'M', null, null);
INSERT INTO `espece` VALUES ('521', 'Coracias garrulus', 'Rollier d\'Europe', 'European Roller', 'CORACIIDAE', 'Coracias', 'A', 'N', 'MR', null, null);
INSERT INTO `espece` VALUES ('522', 'Coracias abyssinicus', 'Rollier d\'Abyssinie', 'Abyssinian Roller', 'CORACIIDAE', 'Coracias', null, null, null, null, null);
INSERT INTO `espece` VALUES ('523', 'Coracias benghalensis', 'Rollier indien', 'Indian Roller', 'CORACIIDAE', 'Coracias', null, null, null, null, null);
INSERT INTO `espece` VALUES ('524', 'Eurystomus glaucurus', 'Rolle violet', 'Broad-billed Roller', 'CORACIIDAE', 'Eurystomus', null, null, null, null, null);
INSERT INTO `espece` VALUES ('525', 'Upupa epops', 'Huppe fascie', 'Hoopoe', 'UPUPIDAE', 'Upupa', 'A', 'N', 'M', 'HR', null);
INSERT INTO `espece` VALUES ('526', 'Jynx torquilla', 'Torcol fourmilier', 'Wryneck', 'PICIDAE', 'Jynx', 'A', 'N', 'M', 'HR', null);
INSERT INTO `espece` VALUES ('527', 'Colaptes auratus', 'Pic flamboyant', 'Northern Flicker', 'PICIDAE', 'Colaptes', null, null, null, null, null);
INSERT INTO `espece` VALUES ('528', 'Picus canus', 'Pic cendr', 'Grey-headed Woodpecker', 'PICIDAE', 'Picus', 'A', 'NS', null, null, null);
INSERT INTO `espece` VALUES ('529', 'Picus viridis', 'Pic vert', 'Green Woodpecker', 'PICIDAE', 'Picus', 'A', 'NS', null, null, null);
INSERT INTO `espece` VALUES ('530', 'Picus vaillantii', 'Pic de Levaillant', 'Levaillant\'s Green Woodpecker', 'PICIDAE', 'Picus', null, null, null, null, null);
INSERT INTO `espece` VALUES ('531', 'Dryocopus martius', 'Pic noir', 'Black Woodpecker', 'PICIDAE', 'Dryocopus', 'A', 'NS', null, null, null);
INSERT INTO `espece` VALUES ('532', 'Sphyrapicus varius', 'Pic macul', 'Yellow-bellied Sapsucker', 'PICIDAE', 'Sphyrapicus', null, null, null, null, null);
INSERT INTO `espece` VALUES ('533', 'Dendrocopos major', 'Pic peiche', 'Great Spotted Woodpecker', 'PICIDAE', 'Dendrocopos', 'A', 'NS', 'M', 'H', null);
INSERT INTO `espece` VALUES ('534', 'Dendrocopos syriacus', 'Pic syriaque', 'Syrian Woodpecker', 'PICIDAE', 'Dendrocopos', null, null, null, null, null);
INSERT INTO `espece` VALUES ('535', 'Dendrocopos medius', 'Pic mar', 'Middle Spotted Woodpecker', 'PICIDAE', 'Dendrocopos', 'A', 'NS', null, null, null);
INSERT INTO `espece` VALUES ('536', 'Dendrocopos leucotos', 'Pic  dos blanc', 'White-backed Woodpecker', 'PICIDAE', 'Dendrocopos', 'A', 'NSR', 'MO', null, null);
INSERT INTO `espece` VALUES ('537', 'Dendrocopos minor', 'Pic peichette', 'Lesser Spotted Woodpecker', 'PICIDAE', 'Dendrocopos', 'A', 'NS', null, null, null);
INSERT INTO `espece` VALUES ('538', 'Picoides tridactylus', 'Pic tridactyle', 'Three-toed Woodpecker', 'PICIDAE', 'Picoides', 'A', 'NSR', 'MR', null, null);
INSERT INTO `espece` VALUES ('539', 'Empidonax virescens', 'Moucherolle vert', 'Acadian Flycatcher', 'TYRANNIDAE', 'Empidonax', null, null, null, null, null);
INSERT INTO `espece` VALUES ('540', 'Empidonax alnorum', 'Moucherolle des aulnes', 'Alder Flycatcher', 'TYRANNIDAE', 'Empidonax', null, null, null, null, null);
INSERT INTO `espece` VALUES ('541', 'Empidonax minimus', 'Moucherolle tchbec', 'Least Flycatcher', 'TYRANNIDAE', 'Empidonax', null, null, null, null, null);
INSERT INTO `espece` VALUES ('542', 'Sayornis phoebe', 'Moucherolle phbi', 'Eastern Phoebe', 'TYRANNIDAE', 'Sayornis', null, null, null, null, null);
INSERT INTO `espece` VALUES ('543', 'Mirafra cordofanica', 'Alouette de Kordofan', 'Kordofan Bush-lark', 'ALAUDIDAE', 'Mirafra', null, null, null, null, null);
INSERT INTO `espece` VALUES ('544', 'Eremopterix signatus', 'Moinelette d\'Oustalet', 'Chestnut-headed Sparrow-lark', 'ALAUDIDAE', 'Eremopterix', null, null, null, null, null);
INSERT INTO `espece` VALUES ('545', 'Eremopterix nigriceps', 'Moinelette front blanc', 'Black-crowned Sparrow-lark', 'ALAUDIDAE', 'Eremopterix', null, null, null, null, null);
INSERT INTO `espece` VALUES ('546', 'Eremalauda dunni', 'Alouette de Dunn', 'Dunn\'s lark', 'ALAUDIDAE', 'Eremalauda', null, null, null, null, null);
INSERT INTO `espece` VALUES ('547', 'Ammomanes cinctura', 'Ammomane lgante', 'Bar-tailed Desert lark', 'ALAUDIDAE', 'Ammomanes', null, null, null, null, null);
INSERT INTO `espece` VALUES ('548', 'Ammomanes deserti', 'Ammomane isabelline', 'Desert lark', 'ALAUDIDAE', 'Ammomanes', null, null, null, null, null);
INSERT INTO `espece` VALUES ('549', 'Alaemon alaudipes', 'Sirli du dsert', 'Hoopoe Lark', 'ALAUDIDAE', 'Alaemon', null, null, null, null, null);
INSERT INTO `espece` VALUES ('550', 'Chersophilus duponti', 'Sirli de Dupont', 'Dupont\'s Lark', 'ALAUDIDAE', 'Chersophilus', 'B', null, 'MO', null, null);
INSERT INTO `espece` VALUES ('551', 'Rhamphocoris clotbey', 'Alouette de Clotbey', 'Thick-billed Lark', 'ALAUDIDAE', 'Rhamphocoris', null, null, null, null, null);
INSERT INTO `espece` VALUES ('552', 'Melanocorypha calandra', 'Alouette calandre', 'Calandra Lark', 'ALAUDIDAE', 'Melanocorypha', 'A', 'NSR', 'MO', null, null);
INSERT INTO `espece` VALUES ('553', 'Melanocorypha bimaculata', 'Alouette monticole', 'Bimaculated Lark', 'ALAUDIDAE', 'Melanocorypha', null, null, null, null, null);
INSERT INTO `espece` VALUES ('554', 'Melanocorypha leucoptera', 'Alouette leucoptre', 'White-winged Lark', 'ALAUDIDAE', 'Melanocorypha', null, null, null, null, null);
INSERT INTO `espece` VALUES ('555', 'Melanocorypha yeltoniensis', 'Alouette ngre', 'Black Lark', 'ALAUDIDAE', 'Melanocorypha', null, null, null, null, null);
INSERT INTO `espece` VALUES ('556', 'Calandrella brachydactyla', 'Alouette calandrelle', 'Short-toed Lark', 'ALAUDIDAE', 'Calandrella', 'A', 'N', 'MR', 'HO', null);
INSERT INTO `espece` VALUES ('557', 'Calandrella acutirostris', 'Alouette de Hume', 'Hume\'s Lark', 'ALAUDIDAE', 'Calandrella', null, null, null, null, null);
INSERT INTO `espece` VALUES ('558', 'Calandrella rufescens', 'Alouette pispolette', 'Lesser Short-toed Lark', 'ALAUDIDAE', 'Calandrella', 'A', null, 'MO', null, null);
INSERT INTO `espece` VALUES ('559', 'Galerida cristata', 'Cochevis hupp', 'Crested Lark', 'ALAUDIDAE', 'Galerida', 'A', 'NS', 'M', 'H', null);
INSERT INTO `espece` VALUES ('560', 'Galerida theklae', 'Cochevis de Thkla', 'Thekla Lark', 'ALAUDIDAE', 'Galerida', 'A', 'NS', null, null, null);
INSERT INTO `espece` VALUES ('561', 'Lullula arborea', 'Alouette lulu', 'Wood Lark', 'ALAUDIDAE', 'Lullula', 'A', 'N', 'M', 'H', null);
INSERT INTO `espece` VALUES ('562', 'Alauda arvensis', 'Alouette des champs', 'Sky Lark', 'ALAUDIDAE', 'Alauda', 'A', 'NS', 'M', 'H', null);
INSERT INTO `espece` VALUES ('563', 'Alauda gulgula', 'Alouette gulgule', 'Oriental Lark', 'ALAUDIDAE', 'Alauda', null, null, null, null, null);
INSERT INTO `espece` VALUES ('564', 'Alauda razae', 'Alouette de Razo', 'Razo Lark', 'ALAUDIDAE', 'Alauda', null, null, null, null, null);
INSERT INTO `espece` VALUES ('565', 'Eremophila alpestris', 'Alouette haussecol', 'Shore Lark', 'ALAUDIDAE', 'Eremophila', 'A', null, 'MR', 'HR', null);
INSERT INTO `espece` VALUES ('566', 'Eremophila bilopha', 'Alouette bilophe', 'Temminck\'s Shore Lark', 'ALAUDIDAE', 'Eremophila', null, null, null, null, null);
INSERT INTO `espece` VALUES ('567', 'Riparia cincta', 'Hirondelle  collier', 'Banded Martin', 'HIRUNDINIDAE', 'Riparia', null, null, null, null, null);
INSERT INTO `espece` VALUES ('568', 'Riparia paludicola', 'Hirondelle paludicole', 'Plain Martin', 'HIRUNDINIDAE', 'Riparia', 'A', null, 'MO', null, null);
INSERT INTO `espece` VALUES ('569', 'Riparia riparia', 'Hirondelle de rivage', 'Sand Martin', 'HIRUNDINIDAE', 'Riparia', 'A', 'N', 'M', null, null);
INSERT INTO `espece` VALUES ('570', 'Tachycineta bicolor', 'Hirondelle bicolore', 'Tree Swallow', 'HIRUNDINIDAE', 'Tachycineta', null, null, null, null, null);
INSERT INTO `espece` VALUES ('571', 'Progne subis', 'Hirondelle noire', 'Purple Martin', 'HIRUNDINIDAE', 'Progne', null, null, null, null, null);
INSERT INTO `espece` VALUES ('572', 'Ptyonoprogne rupestris', 'Hirondelle de rochers', 'Crag Martin', 'HIRUNDINIDAE', 'Ptyonoprogne', 'A', 'N', 'M', 'H', null);
INSERT INTO `espece` VALUES ('573', 'Ptyonoprogne fuligula', 'Hirondelle isabelline', 'Rock Martin', 'HIRUNDINIDAE', 'Ptyonoprogne', null, null, null, null, null);
INSERT INTO `espece` VALUES ('574', 'Hirundo rustica', 'Hirondelle rustique', 'Barn Swallow', 'HIRUNDINIDAE', 'Hirundo', 'A', 'N', 'M', 'HR', null);
INSERT INTO `espece` VALUES ('575', 'Hirundo aethiopica', 'Hirondelle d\'Ethiopie', 'Ethiopian Swallow', 'HIRUNDINIDAE', 'Hirundo', null, null, null, null, null);
INSERT INTO `espece` VALUES ('576', 'Delichon urbicum', 'Hirondelle de fentre', 'House Martin', 'HIRUNDINIDAE', 'Delichon', 'A', 'N', 'M', 'HO', null);
INSERT INTO `espece` VALUES ('577', 'Cecropis daurica', 'Hirondelle rousseline', 'Red-rumped Swallow', 'HIRUNDINIDAE', 'Cecropis', 'A', 'NR', 'MR', null, null);
INSERT INTO `espece` VALUES ('578', 'Petrochelidon pyrrhonota', 'Hirondelle  front blanc', 'Cliff Swallow', 'HIRUNDINIDAE', 'Petrochelidon', 'A', null, 'MO', null, null);
INSERT INTO `espece` VALUES ('579', 'Anthus richardi', 'Pipit de Richard', 'Richard\'s Pipit', 'MOTACILLIDAE', 'Anthus', 'A', null, 'MR', 'HR', null);
INSERT INTO `espece` VALUES ('580', 'Anthus godlewskii', 'Pipit de Godlewski', 'Blyth\'s Pipit', 'MOTACILLIDAE', 'Anthus', 'A', null, 'MO', 'HO', null);
INSERT INTO `espece` VALUES ('581', 'Anthus campestris', 'Pipit rousseline', 'Tawny Pipit', 'MOTACILLIDAE', 'Anthus', 'A', 'N', 'M', null, null);
INSERT INTO `espece` VALUES ('582', 'Anthus berthelotii', 'Pipit de Berthelot', 'Berthelot\'s Pipit', 'MOTACILLIDAE', 'Anthus', null, null, null, null, null);
INSERT INTO `espece` VALUES ('583', 'Anthus similis', 'Pipit  long bec', 'Long-billed Pipit', 'MOTACILLIDAE', 'Anthus', null, null, null, null, null);
INSERT INTO `espece` VALUES ('584', 'Anthus hodgsoni', 'Pipit  dos olive', 'Olive-backed Pipit', 'MOTACILLIDAE', 'Anthus', 'A', null, 'MO', null, null);
INSERT INTO `espece` VALUES ('585', 'Anthus trivialis', 'Pipit des arbres', 'Tree Pipit', 'MOTACILLIDAE', 'Anthus', 'A', 'N', 'M', null, null);
INSERT INTO `espece` VALUES ('586', 'Anthus gustavi', 'Pipit de la Petchora', 'Pechora Pipit', 'MOTACILLIDAE', 'Anthus', 'A', null, 'MO', null, null);
INSERT INTO `espece` VALUES ('587', 'Anthus pratensis', 'Pipit farlouse', 'Meadow Pipit', 'MOTACILLIDAE', 'Anthus', 'A', 'N', 'M', 'H', null);
INSERT INTO `espece` VALUES ('588', 'Anthus cervinus', 'Pipit  gorge rousse', 'Red-throated Pipit', 'MOTACILLIDAE', 'Anthus', 'A', null, 'MR', null, null);
INSERT INTO `espece` VALUES ('589', 'Anthus spinoletta', 'Pipit spioncelle', 'Water Pipit', 'MOTACILLIDAE', 'Anthus', 'A', 'N', 'M', 'H', null);
INSERT INTO `espece` VALUES ('590', 'Anthus petrosus', 'Pipit maritime', 'Rock Pipit', 'MOTACILLIDAE', 'Anthus', 'A', 'NS', 'M', 'H', null);
INSERT INTO `espece` VALUES ('591', 'Anthus rubescens', 'Pipit farlousane', 'Buff-bellied Pipit', 'MOTACILLIDAE', 'Anthus', null, null, null, null, null);
INSERT INTO `espece` VALUES ('592', 'Motacilla flava', 'Bergeronnette printanire', 'Yellow Wagtail', 'MOTACILLIDAE', 'Motacilla', 'A', 'N', 'M', 'HO', null);
INSERT INTO `espece` VALUES ('593', 'Motacilla citreola', 'Bergeronnette citrine', 'Citine Wagtail', 'MOTACILLIDAE', 'Motacilla', 'A', null, 'MO', null, null);
INSERT INTO `espece` VALUES ('594', 'Motacilla cinerea', 'Bergeronnette des ruisseaux', 'Grey Wagtail', 'MOTACILLIDAE', 'Motacilla', 'A', 'N', 'M', 'H', null);
INSERT INTO `espece` VALUES ('595', 'Motacilla alba', 'Bergeronnette grise', 'White Wagtail', 'MOTACILLIDAE', 'Motacilla', 'A', 'N', 'M', 'H', null);
INSERT INTO `espece` VALUES ('596', 'Motacilla aguimp', 'Bergeronnette pie', 'African Pied Wagtail', 'MOTACILLIDAE', 'Motacilla', null, null, null, null, null);
INSERT INTO `espece` VALUES ('597', 'Dendronanthus indicus', 'Bergeronnette de fort', 'Forest wagtail', 'MOTACILLIDAE', 'Dendronanthus', null, null, null, null, null);
INSERT INTO `espece` VALUES ('598', 'Pycnonotus leucogenys', 'Bulbul  joues blanches', 'White-cheeked Bulbul', 'PYCNONOTIDAE', 'Pycnonotus', null, null, null, null, null);
INSERT INTO `espece` VALUES ('599', 'Pycnonotus xanthopygos', 'Bulbul d\'Arabie', 'White-spectacled Bulbul', 'PYCNONOTIDAE', 'Pycnonotus', null, null, null, null, null);
INSERT INTO `espece` VALUES ('600', 'Pycnonotus barbatus', 'Bulbul des jardins', 'Common Bulbul', 'PYCNONOTIDAE', 'Pycnonotus', 'E', null, null, null, null);
INSERT INTO `espece` VALUES ('601', 'Pycnonotus cafer', 'Bulbul  ventre rouge', 'Red-vented Bulbul', 'PYCNONOTIDAE', 'Pycnonotus', 'E', null, null, null, null);
INSERT INTO `espece` VALUES ('602', 'Bombycilla garrulus', 'Jaseur boral', 'Waxwing', 'BOMBYCILLIDAE', 'Bombycilla', 'A', null, 'MR', 'HR', null);
INSERT INTO `espece` VALUES ('603', 'Bombycilla cedrorum', 'Jaseur d\'Amrique', 'Cedar Waxwing', 'BOMBYCILLIDAE', 'Bombycilla', null, null, null, null, null);
INSERT INTO `espece` VALUES ('604', 'Hypocolius ampelinus', 'Hypocolius gris', 'Grey Hypocolius', 'BOMBYCILLIDAE', 'Hypocolius', null, null, null, null, null);
INSERT INTO `espece` VALUES ('605', 'Cinclus cinclus', 'Cincle plongeur', 'Dipper', 'CINCLIDAE', 'Cinclus', 'A', 'NS', 'M', 'H', null);
INSERT INTO `espece` VALUES ('606', 'Troglodytes troglodytes', 'Troglodyte mignon', 'Wren', 'TROGLODYTIDAE', 'Troglodytes', 'A', 'NS', 'M', 'H', null);
INSERT INTO `espece` VALUES ('607', 'Mimus polyglottos', 'Moqueur polyglotte', 'Northern Mockingbird', 'MIMIDAE', 'Mimus', null, null, null, null, null);
INSERT INTO `espece` VALUES ('608', 'Toxostoma rufum', 'Moqueur roux', 'Brown Thrasher', 'MIMIDAE', 'Toxostoma', null, null, null, null, null);
INSERT INTO `espece` VALUES ('609', 'Dumetella carolinensis', 'Moqueur chat', 'Grey Catbird', 'MIMIDAE', 'Dumetella', null, null, null, null, null);
INSERT INTO `espece` VALUES ('610', 'Prunella modularis', 'Accenteur mouchet', 'Dunnock', 'PRUNELLIDAE', 'Prunella', 'A', 'NS', 'M', 'H', null);
INSERT INTO `espece` VALUES ('611', 'Prunella montanella', 'Accenteur montanelle', 'Siberian Accentor', 'PRUNELLIDAE', 'Prunella', null, null, null, null, null);
INSERT INTO `espece` VALUES ('612', 'Prunella ocularis', 'Accenteur de Radde', 'Radde\'s Accentor', 'PRUNELLIDAE', 'Prunella', null, null, null, null, null);
INSERT INTO `espece` VALUES ('613', 'Prunella atrogularis', 'Accenteur  gorge noire', 'Black-throated Accentor', 'PRUNELLIDAE', 'Prunella', 'A', null, 'MO', null, null);
INSERT INTO `espece` VALUES ('614', 'Prunella collaris', 'Accenteur alpin', 'Alpine Accentor', 'PRUNELLIDAE', 'Prunella', 'A', 'NS', 'M', 'H', null);
INSERT INTO `espece` VALUES ('615', 'Cercotrichas galactotes', 'Agrobate roux', 'Rufous Bush Robin', 'TURDIDAE', 'Cercotrichas', 'A', null, 'MO', null, null);
INSERT INTO `espece` VALUES ('616', 'Cercotrichas podobe', 'Agrobate podob', 'Black Bush Robin', 'TURDIDAE', 'Cercotrichas', null, null, null, null, null);
INSERT INTO `espece` VALUES ('617', 'Erithacus rubecula', 'Rougegorge familier', 'Robin', 'TURDIDAE', 'Erithacus', 'A', 'NS', 'M', 'H', null);
INSERT INTO `espece` VALUES ('618', 'Luscinia luscinia', 'Rossignol progn', 'Thrush Nightingale', 'TURDIDAE', 'Luscinia', 'A', null, 'MO', null, null);
INSERT INTO `espece` VALUES ('619', 'Luscinia megarhynchos', 'Rossignol philomle', 'Rufous Nightingale', 'TURDIDAE', 'Luscinia', 'A', 'N', 'M', null, null);
INSERT INTO `espece` VALUES ('620', 'Luscinia calliope', 'Calliope sibrienne', 'Siberian Rubythroat', 'TURDIDAE', 'Luscinia', 'E', null, null, null, null);
INSERT INTO `espece` VALUES ('621', 'Luscinia svecica', 'Gorgebleue  miroir', 'Bluethroat', 'TURDIDAE', 'Luscinia', 'A', 'N', 'M', 'HR', null);
INSERT INTO `espece` VALUES ('622', 'Luscinia cyane', 'Rossignol bleu', 'Siberian Blue Robin', 'TURDIDAE', 'Luscinia', null, null, null, null, null);
INSERT INTO `espece` VALUES ('623', 'Luscinia sibilans', 'Rossignol siffleur', 'Rufous-tailed Robin', 'TURDIDAE', 'Luscinia', null, null, null, null, null);
INSERT INTO `espece` VALUES ('624', 'Tarsiger cyanurus', 'Robin  flancs roux', 'Red-flanked Bluetail', 'TURDIDAE', 'Tarsiger', 'A', null, 'MO', null, null);
INSERT INTO `espece` VALUES ('625', 'Irania gutturalis', 'Iranie  gorge blanche', 'White-throated Robin', 'TURDIDAE', 'Irania', null, null, null, null, null);
INSERT INTO `espece` VALUES ('626', 'Phoenicurus erythronotus', 'Rougequeue d\'Eversmann', 'Eversmann\'s Redstart', 'TURDIDAE', 'Phoenicurus', null, null, null, null, null);
INSERT INTO `espece` VALUES ('627', 'Phoenicurus ochruros', 'Rougequeue noir', 'Black Redstart', 'TURDIDAE', 'Phoenicurus', 'A', 'N', 'M', 'H', null);
INSERT INTO `espece` VALUES ('628', 'Phoenicurus phoenicurus', 'Rougequeue  front blanc', 'Common Redstart', 'TURDIDAE', 'Phoenicurus', 'A', 'N', 'M', null, null);
INSERT INTO `espece` VALUES ('629', 'Phoenicurus moussieri', 'Rougequeue de Moussier', 'Moussier\'s Redstart', 'TURDIDAE', 'Phoenicurus', 'A', null, 'MO', null, null);
INSERT INTO `espece` VALUES ('630', 'Phoenicurus erythrogastrus', 'Rougequeue de Gldenstdt', 'Gldenstdt\'s Redstart', 'TURDIDAE', 'Phoenicurus', null, null, null, null, null);
INSERT INTO `espece` VALUES ('631', 'Cercomela melanura', 'Traquet  queue noire', 'Blackstart', 'TURDIDAE', 'Cercomela', null, null, null, null, null);
INSERT INTO `espece` VALUES ('632', 'Saxicola rubetra', 'Tarier des prs', 'Whinchat', 'TURDIDAE', 'Saxicola', 'A', 'N', 'M', 'HO', null);
INSERT INTO `espece` VALUES ('633', 'Saxicola dacotiae', 'Tarier des Canaries', 'Canary Islands Stonechat', 'TURDIDAE', 'Saxicola', null, null, null, null, null);
INSERT INTO `espece` VALUES ('634', 'Saxicola torquatus', 'Tarier ptre', 'Common Stonechat', 'TURDIDAE', 'Saxicola', 'A', 'N', 'M', 'H', null);
INSERT INTO `espece` VALUES ('635', 'Saxicola caprata', 'Tarier pie', 'Pied Stonechat', 'TURDIDAE', 'Saxicola', null, null, null, null, null);
INSERT INTO `espece` VALUES ('636', 'Myrmecocichla aethiops', 'Traquet brun', 'Northern Anteater-Chat', 'TURDIDAE', 'Myrmecocichla', null, null, null, null, null);
INSERT INTO `espece` VALUES ('637', 'Oenanthe isabellina', 'Traquet isabelle', 'Isabelline Wheatear', 'TURDIDAE', 'Oenanthe', 'A', null, 'MO', null, null);
INSERT INTO `espece` VALUES ('638', 'Oenanthe oenanthe', 'Traquet motteux', 'Northern Wheatear', 'TURDIDAE', 'Oenanthe', 'A', 'N', 'M', 'HO', null);
INSERT INTO `espece` VALUES ('639', 'Oenanthe pleschanka', 'Traquet pie', 'Pied Wheatear', 'TURDIDAE', 'Oenanthe', 'A', null, 'MO', null, null);
INSERT INTO `espece` VALUES ('640', 'Oenanthe cypriaca', 'Traquet de Chypre', 'Cyprus Wheatear', 'TURDIDAE', 'Oenanthe', null, null, null, null, null);
INSERT INTO `espece` VALUES ('641', 'Oenanthe hispanica', 'Traquet oreillard', 'Black-eared Wheatear', 'TURDIDAE', 'Oenanthe', 'A', 'N', 'MR', null, null);
INSERT INTO `espece` VALUES ('642', 'Oenanthe deserti', 'Traquet du dsert', 'Desert Wheatear', 'TURDIDAE', 'Oenanthe', 'A', null, 'MO', 'HO', null);
INSERT INTO `espece` VALUES ('643', 'Oenanthe finschii', 'Traquet de Finsch', 'Finsch\'s Wheatear', 'TURDIDAE', 'Oenanthe', null, null, null, null, null);
INSERT INTO `espece` VALUES ('644', 'Oenanthe moesta', 'Traquet  tte grise', 'Red-rumped Wheatear', 'TURDIDAE', 'Oenanthe', null, null, null, null, null);
INSERT INTO `espece` VALUES ('645', 'Oenanthe chrysopygia', 'Traquet de Perse', 'Persian Wheatear', 'TURDIDAE', 'Oenanthe', null, null, null, null, null);
INSERT INTO `espece` VALUES ('646', 'Oenanthe xanthoprymna', 'Traquet kurde', 'Red-tailed Wheatear', 'TURDIDAE', 'Oenanthe', null, null, null, null, null);
INSERT INTO `espece` VALUES ('647', 'Oenanthe lugens', 'Traquet deuil', 'Mourning Wheatear', 'TURDIDAE', 'Oenanthe', null, null, null, null, null);
INSERT INTO `espece` VALUES ('648', 'Oenanthe monacha', 'Traquet  capuchon', 'Hooded Wheatear', 'TURDIDAE', 'Oenanthe', null, null, null, null, null);
INSERT INTO `espece` VALUES ('649', 'Oenanthe alboniger', 'Traquet de Hume', 'Hume\'s Wheatear', 'TURDIDAE', 'Oenanthe', null, null, null, null, null);
INSERT INTO `espece` VALUES ('650', 'Oenanthe leucopyga', 'Traquet  tte blanche', 'White-crowned Black Wheatear', 'TURDIDAE', 'Oenanthe', 'B', null, 'MO', null, null);
INSERT INTO `espece` VALUES ('651', 'Oenanthe leucura', 'Traquet rieur', 'Black Wheatear', 'TURDIDAE', 'Oenanthe', 'A', null, 'MO', null, null);
INSERT INTO `espece` VALUES ('652', 'Monticola saxatilis', 'Monticole de roche', 'Rock Thrush', 'TURDIDAE', 'Monticola', 'A', 'N', 'MR', null, null);
INSERT INTO `espece` VALUES ('653', 'Monticola solitarius', 'Monticole bleu', 'Blue Rock Thrush', 'TURDIDAE', 'Monticola', 'A', 'NS', null, null, null);
INSERT INTO `espece` VALUES ('654', 'Zoothera dauma', 'Grive dore', 'White\'s Thrush', 'TURDIDAE', 'Zoothera', 'A', null, 'MO', null, null);
INSERT INTO `espece` VALUES ('655', 'Zoothera sibirica', 'Grive de Sibrie', 'Siberian Thrush', 'TURDIDAE', 'Zoothera', 'A', null, 'MO', null, null);
INSERT INTO `espece` VALUES ('656', 'Zoothera naevia', 'Grive  collier', 'Varied Thrush', 'TURDIDAE', 'Zoothera', null, null, null, null, null);
INSERT INTO `espece` VALUES ('657', 'Hylocichla mustelina', 'Grive des bois', 'Wood Thrush', 'TURDIDAE', 'Hylocichla', null, null, null, null, null);
INSERT INTO `espece` VALUES ('658', 'Catharus guttatus', 'Grive solitaire', 'Hermit Thrush', 'TURDIDAE', 'Catharus', null, null, null, null, null);
INSERT INTO `espece` VALUES ('659', 'Catharus ustulatus', 'Grive  dos olive', 'Swainson\'s Thrush', 'TURDIDAE', 'Catharus', 'A', null, 'MO', null, null);
INSERT INTO `espece` VALUES ('660', 'Catharus minimus', 'Grive  joues grises', 'Gray-cheeked Thrush', 'TURDIDAE', 'Catharus', 'A', null, 'MO', null, null);
INSERT INTO `espece` VALUES ('661', 'Catharus fuscescens', 'Grive fauve', 'Veery', 'TURDIDAE', 'Catharus', null, null, null, null, null);
INSERT INTO `espece` VALUES ('662', 'Turdus unicolor', 'Merle unicolore', 'Tickell\'s Thrush', 'TURDIDAE', 'Turdus', null, null, null, null, null);
INSERT INTO `espece` VALUES ('663', 'Turdus torquatus', 'Merle  plastron', 'Ring Ouzel', 'TURDIDAE', 'Turdus', 'A', 'N', 'M', 'HR', null);
INSERT INTO `espece` VALUES ('664', 'Turdus merula', 'Merle noir', 'Blackbird', 'TURDIDAE', 'Turdus', 'A', 'NS', 'M', 'H', null);
INSERT INTO `espece` VALUES ('665', 'Turdus obscurus', 'Grive obscure', 'Eyebrowed Thrush', 'TURDIDAE', 'Turdus', 'A', null, 'MO', null, null);
INSERT INTO `espece` VALUES ('666', 'Turdus naumanni ', 'Grive de Naumann ', 'Naumann\'s Thrush', 'TURDIDAE', 'Turdus', 'A', null, 'MO', 'HO', null);
INSERT INTO `espece` VALUES ('667', 'Turdus ruficollis', 'Grive  gorge rousse ', 'Red-throated Thrush', 'TURDIDAE', 'Turdus', 'A', null, 'MO', null, null);
INSERT INTO `espece` VALUES ('668', 'Turdus pilaris', 'Grive litorne', 'Fieldfare', 'TURDIDAE', 'Turdus', 'A', 'N', 'M', 'H', null);
INSERT INTO `espece` VALUES ('669', 'Turdus philomelos', 'Grive musicienne', 'Song Thrush', 'TURDIDAE', 'Turdus', 'A', 'N', 'M', 'H', null);
INSERT INTO `espece` VALUES ('670', 'Turdus iliacus', 'Grive mauvis', 'Redwing', 'TURDIDAE', 'Turdus', 'A', null, 'M', 'H', null);
INSERT INTO `espece` VALUES ('671', 'Turdus viscivorus', 'Grive draine', 'Mistle Thrush', 'TURDIDAE', 'Turdus', 'A', 'N', 'M', 'H', null);
INSERT INTO `espece` VALUES ('672', 'Turdus migratorius', 'Merle d\'Amrique', 'American Robin', 'TURDIDAE', 'Turdus', null, null, null, null, null);
INSERT INTO `espece` VALUES ('673', 'Cettia cetti', 'Bouscarle de Cetti', 'Cetti\'s Warbler', 'SYLVIIDAE', 'Cettia', 'A', 'NS', 'M', null, null);
INSERT INTO `espece` VALUES ('674', 'Cisticola juncidis', 'Cisticole des joncs', 'Zitting Cisticola', 'SYLVIIDAE', 'Cisticola', 'A', 'NS', 'M', 'H', null);
INSERT INTO `espece` VALUES ('675', 'Prinia gracilis', 'Prinia gracile', 'Graceful Warbler', 'SYLVIIDAE', 'Prinia', null, null, null, null, null);
INSERT INTO `espece` VALUES ('676', 'Spiloptila clamans', 'Prinia  front cailleux', 'Cricket Warbler', 'SYLVIIDAE', 'Spiloptila', null, null, null, null, null);
INSERT INTO `espece` VALUES ('677', 'Scotocerca inquieta', 'Dromoque du dsert', 'Streaked Scrub Warbler', 'SYLVIIDAE', 'Scotocerca', null, null, null, null, null);
INSERT INTO `espece` VALUES ('678', 'Locustella certhiola', 'Locustelle de Pallas', 'Pallas\'s Grasshopper Warbler', 'SYLVIIDAE', 'Locustella', 'A', null, 'MO', null, null);
INSERT INTO `espece` VALUES ('679', 'Locustella lanceolata', 'Locustelle lancole', 'Lanceolated Warbler', 'SYLVIIDAE', 'Locustella', 'A', null, 'MO', null, null);
INSERT INTO `espece` VALUES ('680', 'Locustella naevia', 'Locustelle tachete', 'Grasshopper Warbler', 'SYLVIIDAE', 'Locustella', 'A', 'N', 'M', null, null);
INSERT INTO `espece` VALUES ('681', 'Locustella fluviatilis', 'Locustelle fluviatile', 'River Warbler', 'SYLVIIDAE', 'Locustella', 'A', null, 'MO', null, null);
INSERT INTO `espece` VALUES ('682', 'Locustella luscinioides', 'Locustelle lusciniode', 'Savi\'s Warbler', 'SYLVIIDAE', 'Locustella', 'A', 'N', 'M', null, null);
INSERT INTO `espece` VALUES ('683', 'Locustella fasciolata', 'Locustelle fascie', 'Gray\'s Grasshopper Warbler', 'SYLVIIDAE', 'Locustella', 'B', null, 'MO', null, null);
INSERT INTO `espece` VALUES ('684', 'Acrocephalus melanopogon', 'Lusciniole  moustaches', 'Moustached Warbler', 'SYLVIIDAE', 'Acrocephalus', 'A', 'NS', 'M', 'H', null);
INSERT INTO `espece` VALUES ('685', 'Acrocephalus paludicola', 'Phragmite aquatique', 'Aquatic Warbler', 'SYLVIIDAE', 'Acrocephalus', 'A', null, 'M', null, null);
INSERT INTO `espece` VALUES ('686', 'Acrocephalus schoenobaenus', 'Phragmite des joncs', 'Sedge Warbler', 'SYLVIIDAE', 'Acrocephalus', 'A', 'N', 'M', null, null);
INSERT INTO `espece` VALUES ('687', 'Acrocephalus agricola', 'Rousserolle isabelle', 'Paddyfield Warbler', 'SYLVIIDAE', 'Acrocephalus', 'A', null, 'MO', null, null);
INSERT INTO `espece` VALUES ('688', 'Acrocephalus dumetorum', 'Rousserolle des buissons', 'Blyth\'s Reed Warbler', 'SYLVIIDAE', 'Acrocephalus', 'A', null, 'MO', null, null);
INSERT INTO `espece` VALUES ('689', 'Acrocephalus brevipennis', 'Rousserolle du Cap-Vert', 'Cape Verde Warbler', 'SYLVIIDAE', 'Acrocephalus', null, null, null, null, null);
INSERT INTO `espece` VALUES ('690', 'Acrocephalus palustris', 'Rousserolle verderolle', 'Marsh Warbler', 'SYLVIIDAE', 'Acrocephalus', 'A', 'N', 'M', null, null);
INSERT INTO `espece` VALUES ('691', 'Acrocephalus scirpaceus', 'Rousserolle effarvatte', 'Reed Warbler', 'SYLVIIDAE', 'Acrocephalus', 'A', 'N', 'M', 'HO', null);
INSERT INTO `espece` VALUES ('692', 'Acrocephalus stentoreus', 'Rousserolle stentor', 'Clamorous Reed Warbler', 'SYLVIIDAE', 'Acrocephalus', null, null, null, null, null);
INSERT INTO `espece` VALUES ('693', 'Acrocephalus arundinaceus', 'Rousserolle turdode', 'Great Reed Warbler', 'SYLVIIDAE', 'Acrocephalus', 'A', 'N', 'M', 'HO', null);
INSERT INTO `espece` VALUES ('694', 'Acrocephalus griseldis', 'Rousserolle d\'Irak', 'Basra Reed Warbler', 'SYLVIIDAE', 'Acrocephalus', null, null, null, null, null);
INSERT INTO `espece` VALUES ('695', 'Acrocephalus orientalis', 'Rousserolle d\'Orient', 'Oriental Reed Warbler', 'SYLVIIDAE', 'Acrocephalus', null, null, null, null, null);
INSERT INTO `espece` VALUES ('696', 'Acrocephalus aedon', 'Rousserolle  gros bec', 'Thick-billed Warbler', 'SYLVIIDAE', 'Acrocephalus', null, null, null, null, null);
INSERT INTO `espece` VALUES ('697', 'Hippolais pallida', 'Hypolas ple', 'Eastern Olivaceous Warbler', 'SYLVIIDAE', 'Hippolais', 'A', null, 'MO', null, null);
INSERT INTO `espece` VALUES ('698', 'Hippolais opaca', 'Hypolas obscure', 'Western Olivaceous Warbler', 'SYLVIIDAE', 'Hippolais', 'A', null, 'MO', null, null);
INSERT INTO `espece` VALUES ('699', 'Hippolais caligata', 'Hypolas botte', 'Booted Warbler', 'SYLVIIDAE', 'Hippolais', 'A', null, 'MO', null, null);
INSERT INTO `espece` VALUES ('700', 'Hippolais rama', 'Hypolas rama', 'Sykes\' Warbler', 'SYLVIIDAE', 'Hippolais', 'A', null, 'MO', null, null);
INSERT INTO `espece` VALUES ('701', 'Hippolais languida', 'Hypolas d\'Upcher', 'Upcher\'s Warbler', 'SYLVIIDAE', 'Hippolais', null, null, null, null, null);
INSERT INTO `espece` VALUES ('702', 'Hippolais olivetorum', 'Hypolas des oliviers', 'Olive-tree Warbler', 'SYLVIIDAE', 'Hippolais', null, null, null, null, null);
INSERT INTO `espece` VALUES ('703', 'Hippolais icterina', 'Hypolas ictrine', 'Icterine Warbler', 'SYLVIIDAE', 'Hippolais', 'A', 'N', 'M', null, null);
INSERT INTO `espece` VALUES ('704', 'Hippolais polyglotta', 'Hypolas polyglotte', 'Melodious Warbler', 'SYLVIIDAE', 'Hippolais', 'A', 'N', 'M', null, null);
INSERT INTO `espece` VALUES ('705', 'Sylvia atricapilla', 'Fauvette  tte noire', 'Blackcap', 'SYLVIIDAE', 'Sylvia', 'A', 'N', 'M', 'H', null);
INSERT INTO `espece` VALUES ('706', 'Sylvia borin', 'Fauvette des jardins', 'Garden Warbler', 'SYLVIIDAE', 'Sylvia', 'A', 'N', 'M', null, null);
INSERT INTO `espece` VALUES ('707', 'Sylvia nisoria', 'Fauvette pervire', 'Barred Warbler', 'SYLVIIDAE', 'Sylvia', 'A', null, 'MR', null, null);
INSERT INTO `espece` VALUES ('708', 'Sylvia curruca', 'Fauvette babillarde', 'Lesser Whitethroat', 'SYLVIIDAE', 'Sylvia', 'A', 'N', 'M', 'HO', null);
INSERT INTO `espece` VALUES ('709', 'Sylvia hortensis', 'Fauvette orphe', 'Western Orphean Warbler', 'SYLVIIDAE', 'Sylvia', 'A', 'N', 'M', null, null);
INSERT INTO `espece` VALUES ('710', 'Sylvia crassirostris', 'Fauvette orphane', 'Eastern Orphean Warbler', 'SYLVIIDAE', 'Sylvia', null, null, null, null, null);
INSERT INTO `espece` VALUES ('711', 'Sylvia leucomelaena', 'Fauvette d\'Arabie', 'Arabian Warbler', 'SYLVIIDAE', 'Sylvia', null, null, null, null, null);
INSERT INTO `espece` VALUES ('712', 'Sylvia nana', 'Fauvette naine', 'Asian Desert Warbler', 'SYLVIIDAE', 'Sylvia', 'A*', null, null, null, null);
INSERT INTO `espece` VALUES ('713', 'Sylvia  deserti', 'Fauvette du dsert', 'African Desert Warbler', 'SYLVIIDAE', 'Sylvia', 'A*', null, null, null, null);
INSERT INTO `espece` VALUES ('714', 'Sylvia communis', 'Fauvette grisette', 'Common Whitethroat', 'SYLVIIDAE', 'Sylvia', 'A', 'N', 'M', 'HO', null);
INSERT INTO `espece` VALUES ('715', 'Sylvia conspicillata', 'Fauvette  lunettes', 'Spectacled Warbler', 'SYLVIIDAE', 'Sylvia', 'A', 'N', 'M', 'HR', null);
INSERT INTO `espece` VALUES ('716', 'Sylvia deserticola', 'Fauvette de l\'Atlas', 'Tristram\'s Warbler', 'SYLVIIDAE', 'Sylvia', null, null, null, null, null);
INSERT INTO `espece` VALUES ('717', 'Sylvia undata', 'Fauvette pitchou', 'Dartford Warbler', 'SYLVIIDAE', 'Sylvia', 'A', 'NS', null, null, null);
INSERT INTO `espece` VALUES ('718', 'Sylvia balearica', 'Fauvette des Balares', 'Balearic Warbler', 'SYLVIIDAE', 'Sylvia', null, null, null, null, null);
INSERT INTO `espece` VALUES ('719', 'Sylvia sarda', 'Fauvette sarde', 'Marmora\'s Warbler', 'SYLVIIDAE', 'Sylvia', 'A', 'N ', 'MO', null, null);
INSERT INTO `espece` VALUES ('720', 'Sylvia rueppelli', 'Fauvette de Rppell', 'Rppell\'s Warbler', 'SYLVIIDAE', 'Sylvia', 'A', null, 'MO', null, null);
INSERT INTO `espece` VALUES ('721', 'Sylvia melanothorax', 'Fauvette de Chypre', 'Cyprus Warbler', 'SYLVIIDAE', 'Sylvia', null, null, null, null, null);
INSERT INTO `espece` VALUES ('722', 'Sylvia cantillans', 'Fauvette passerinette', 'Subalpine Warbler', 'SYLVIIDAE', 'Sylvia', 'A', 'N', 'M', null, null);
INSERT INTO `espece` VALUES ('723', 'Sylvia mystacea', 'Fauvette de Mntries', 'Mntries\'s Warbler', 'SYLVIIDAE', 'Sylvia', null, null, null, null, null);
INSERT INTO `espece` VALUES ('724', 'Sylvia melanocephala', 'Fauvette mlanocphale', 'Sardinian Warbler', 'SYLVIIDAE', 'Sylvia', 'A', 'NS', 'M', null, null);
INSERT INTO `espece` VALUES ('725', 'Phylloscopus coronatus', 'Pouillot de Temminck', 'Eastern Crowned Warbler', 'SYLVIIDAE', 'Phylloscopus', null, null, null, null, null);
INSERT INTO `espece` VALUES ('726', 'Phylloscopus trochiloides', 'Pouillot verdtre', 'Greenish Warbler', 'SYLVIIDAE', 'Phylloscopus', 'A', null, 'MO', null, null);
INSERT INTO `espece` VALUES ('727', 'Phylloscopus borealis', 'Pouillot boral', 'Arctic Warbler', 'SYLVIIDAE', 'Phylloscopus', 'A', null, 'MO', null, null);
INSERT INTO `espece` VALUES ('728', 'Phylloscopus proregulus', 'Pouillot de Pallas', 'Pallas\'s Leaf Warbler', 'SYLVIIDAE', 'Phylloscopus', 'A', null, 'MO', null, null);
INSERT INTO `espece` VALUES ('729', 'Phylloscopus inornatus', 'Pouillot  grands sourcils', 'Yellow-browed Warbler', 'SYLVIIDAE', 'Phylloscopus', 'A', null, 'MR', 'HO', null);
INSERT INTO `espece` VALUES ('730', 'Phylloscopus humei', 'Pouillot de Hume', 'Hume\'s Warbler', 'SYLVIIDAE', 'Phylloscopus', 'A', null, 'MO', 'HO', null);
INSERT INTO `espece` VALUES ('731', 'Phylloscopus schwarzi', 'Pouillot de Schwarz', 'Radde\'s Warbler', 'SYLVIIDAE', 'Phylloscopus', 'A', null, 'MO', null, null);
INSERT INTO `espece` VALUES ('732', 'Phylloscopus fuscatus', 'Pouillot brun', 'Dusky Warbler', 'SYLVIIDAE', 'Phylloscopus', 'A', null, 'MO', null, null);
INSERT INTO `espece` VALUES ('733', 'Phylloscopus bonelli', 'Pouillot de Bonelli', 'Western Bonelli\'s Warbler', 'SYLVIIDAE', 'Phylloscopus', 'A', 'N', 'M', null, null);
INSERT INTO `espece` VALUES ('734', 'Phylloscopus orientalis', 'Pouillot oriental', 'Eastern Bonelli\'s Warbler', 'SYLVIIDAE', 'Phylloscopus', 'A', null, 'MO', null, null);
INSERT INTO `espece` VALUES ('735', 'Phylloscopus sibilatrix', 'Pouillot siffleur', 'Wood Warbler', 'SYLVIIDAE', 'Phylloscopus', 'A', 'N', 'M', null, null);
INSERT INTO `espece` VALUES ('736', 'Phylloscopus neglectus', 'Pouillot modeste', 'Plain Leaf Warbler', 'SYLVIIDAE', 'Phylloscopus', null, null, null, null, null);
INSERT INTO `espece` VALUES ('737', 'Phylloscopus collybita', 'Pouillot vloce', 'Common Chiffchaff', 'SYLVIIDAE', 'Phylloscopus', 'A', 'N', 'M', 'H', null);
INSERT INTO `espece` VALUES ('738', 'Phylloscopus ibericus', 'Pouillot ibrique', 'Iberian Chiffchaff', 'SYLVIIDAE', 'Phylloscopus', 'A', 'N', 'MR', null, null);
INSERT INTO `espece` VALUES ('739', 'Phylloscopus canariensis', 'Pouillot des Canaries', 'Canary Islands Chiffchaff', 'SYLVIIDAE', 'Phylloscopus', null, null, null, null, null);
INSERT INTO `espece` VALUES ('740', 'Phylloscopus sindianus', 'Pouillot montagnard', 'Mountain Chiffchaff', 'SYLVIIDAE', 'Phylloscopus', null, null, null, null, null);
INSERT INTO `espece` VALUES ('741', 'Phylloscopus trochilus', 'Pouillot fitis', 'Willow Warbler', 'SYLVIIDAE', 'Phylloscopus', 'A', 'N', 'M', null, null);
INSERT INTO `espece` VALUES ('742', 'Regulus calendula', 'Roitelet  couronne rubis', 'Ruby-crowned Kinglet', 'SYLVIIDAE', 'Regulus', null, null, null, null, null);
INSERT INTO `espece` VALUES ('743', 'Regulus regulus', 'Roitelet hupp', 'Goldcrest', 'SYLVIIDAE', 'Regulus', 'A', 'NS', 'M', 'H', null);
INSERT INTO `espece` VALUES ('744', 'Regulus ignicapillus', 'Roitelet  triple bandeau', 'Firecrest', 'SYLVIIDAE', 'Regulus', 'A', 'N', 'M', 'H', null);
INSERT INTO `espece` VALUES ('745', 'Regulus madeirensis', 'Roitelet de Madre', 'Madeira Firecrest', 'SYLVIIDAE', 'Regulus', null, null, null, null, null);
INSERT INTO `espece` VALUES ('746', 'Muscicapa dauurica', 'Gobemouche brun', 'Brown Flycatcher', 'MUSCICAPIDAE', 'Muscicapa', null, null, null, null, null);
INSERT INTO `espece` VALUES ('747', 'Muscicapa striata', 'Gobemouche gris', 'Spotted Flycatcher', 'MUSCICAPIDAE', 'Muscicapa', 'A', 'N', 'M', null, null);
INSERT INTO `espece` VALUES ('748', 'Ficedula parva', 'Gobemouche nain', 'Red-breasted Flycatcher', 'MUSCICAPIDAE', 'Ficedula', 'A', null, 'MR', null, null);
INSERT INTO `espece` VALUES ('749', 'Ficedula albicilla', 'Gobemouche de la taga', 'Taiga flycatcher', 'MUSCICAPIDAE', 'Ficedula', null, null, null, null, null);
INSERT INTO `espece` VALUES ('750', 'Ficedula semitorquata', 'Gobemouche  demi-collier', 'Semi-collared Flycatcher', 'MUSCICAPIDAE', 'Ficedula', 'A', null, 'MO', null, null);
INSERT INTO `espece` VALUES ('751', 'Ficedula albicollis', 'Gobemouche  collier', 'Collared Flycatcher', 'MUSCICAPIDAE', 'Ficedula', 'A', 'N', 'MR', null, null);
INSERT INTO `espece` VALUES ('752', 'Ficedula hypoleuca', 'Gobemouche noir', 'Pied Flycatcher', 'MUSCICAPIDAE', 'Ficedula', 'A', 'N', 'M', 'HO', null);
INSERT INTO `espece` VALUES ('753', 'Ficedula speculigera', 'Gobemouche de l\'Atlas', 'Atlas Flycatcher', 'MUSCICAPIDAE', 'Ficedula', null, null, null, null, null);
INSERT INTO `espece` VALUES ('754', 'Panurus biarmicus', 'Panure  moustaches', 'Bearded Tit', 'TIMALIIDAE', 'Panurus', 'A', 'NS', 'M', 'H', null);
INSERT INTO `espece` VALUES ('755', 'Paradoxornis webbianus', 'Paradoxornis de Webb', 'Vinous-throated Parrotbill', 'TIMALIIDAE', 'Paradoxornis', null, null, null, null, null);
INSERT INTO `espece` VALUES ('756', 'Paradoxornis alphonsianus', 'Paradoxornis  gorge cendre', 'Ashy-throated Parrotbill', 'TIMALIIDAE', 'Paradoxornis', null, null, null, null, null);
INSERT INTO `espece` VALUES ('757', 'Turdoides altirostris', 'Cratrope d\'Irak', 'Iraq Babbler', 'TIMALIIDAE', 'Turdoides', null, null, null, null, null);
INSERT INTO `espece` VALUES ('758', 'Turdoides caudata', 'Cratrope de l\'Inde', 'Common Babbler', 'TIMALIIDAE', 'Turdoides', null, null, null, null, null);
INSERT INTO `espece` VALUES ('759', 'Turdoides squamiceps', 'Cratrope caill', 'Arabian Babbler', 'TIMALIIDAE', 'Turdoides', null, null, null, null, null);
INSERT INTO `espece` VALUES ('760', 'Turdoides fulva', 'Cratrope fauve', 'Fulvous Babbler', 'TIMALIIDAE', 'Turdoides', null, null, null, null, null);
INSERT INTO `espece` VALUES ('761', 'Leiothrix lutea', 'Liothrix jaune', 'Red-billed Leiothrix', 'TIMALIIDAE', 'Leiothrix', 'C', 'NS', null, null, null);
INSERT INTO `espece` VALUES ('762', 'Aegithalos caudatus', 'Msange  longue queue', 'Long-tailed Tit', 'AEGITHALIDAE', 'Aegithalos', 'A', 'NS', 'M', 'H', null);
INSERT INTO `espece` VALUES ('763', 'Parus palustris', 'Msange nonnette', 'Marsh Tit', 'PARIDAE', 'Parus', 'A', 'NS', null, null, null);
INSERT INTO `espece` VALUES ('764', 'Parus lugubris', 'Msange lugubre', 'Sombre Tit', 'PARIDAE', 'Parus', null, null, null, null, null);
INSERT INTO `espece` VALUES ('765', 'Parus montanus', 'Msange borale', 'Willow Tit', 'PARIDAE', 'Parus', 'A', 'NS', null, null, null);
INSERT INTO `espece` VALUES ('766', 'Parus cinctus', 'Msange lapone', 'Siberian Tit', 'PARIDAE', 'Parus', null, null, null, null, null);
INSERT INTO `espece` VALUES ('767', 'Parus cristatus', 'Msange huppe', 'Crested Tit', 'PARIDAE', 'Parus', 'A', 'NS', 'M', 'H', null);
INSERT INTO `espece` VALUES ('768', 'Parus ater', 'Msange noire', 'Coal Tit', 'PARIDAE', 'Parus', 'A', 'NS', 'M', 'H', null);
INSERT INTO `espece` VALUES ('769', 'Parus teneriffae', 'Msange nord-africaine', 'African Blue Tit', 'PARIDAE', 'Parus', null, null, null, null, null);
INSERT INTO `espece` VALUES ('770', 'Parus caeruleus', 'Msange bleue', 'Blue Tit', 'PARIDAE', 'Parus', 'A', 'NS', 'M', 'H', null);
INSERT INTO `espece` VALUES ('771', 'Parus cyanus', 'Msange azure', 'Azure Tit', 'PARIDAE', 'Parus', 'B', null, 'MO', null, null);
INSERT INTO `espece` VALUES ('772', 'Parus major', 'Msange charbonnire', 'Great Tit', 'PARIDAE', 'Parus', 'A', 'NS', 'M', 'H', null);
INSERT INTO `espece` VALUES ('773', 'Sitta krueperi', 'Sittelle de Krper', 'Krper\'s Nuthatch', 'SITTIDAE', 'Sitta', null, null, null, null, null);
INSERT INTO `espece` VALUES ('774', 'Sitta whiteheadi', 'Sittelle corse', 'Corsican Nuthatch', 'SITTIDAE', 'Sitta', 'A', 'NS', null, null, null);
INSERT INTO `espece` VALUES ('775', 'Sitta ledanti', 'Sittelle kabyle', 'Algerian Nuthatch', 'SITTIDAE', 'Sitta', null, null, null, null, null);
INSERT INTO `espece` VALUES ('776', 'Sitta canadensis', 'Sittelle  poitrine rousse', 'Red-breasted Nuthatch', 'SITTIDAE', 'Sitta', null, null, null, null, null);
INSERT INTO `espece` VALUES ('777', 'Sitta europaea', 'Sittelle torchepot', 'Eurasian Nuthatch', 'SITTIDAE', 'Sitta', 'A', 'NS', 'M', 'H', null);
INSERT INTO `espece` VALUES ('778', 'Sitta tephronota', 'Sittelle des rochers', 'Eastern Rock Nuthatch', 'SITTIDAE', 'Sitta', null, null, null, null, null);
INSERT INTO `espece` VALUES ('779', 'Sitta neumayer', 'Sittelle de Neumayer', 'Western Rock Nuthatch', 'SITTIDAE', 'Sitta', null, null, null, null, null);
INSERT INTO `espece` VALUES ('780', 'Tichodroma muraria', 'Tichodrome chelette', 'Wallcreeper', 'TICHODROMADIDAE', 'Tichodroma', 'A', 'N', 'M', 'H', null);
INSERT INTO `espece` VALUES ('781', 'Certhia familiaris', 'Grimpereau des bois', 'Eurasian Treecreeper', 'CERTHIIDAE', 'Certhia', 'A', 'NS', 'MR', null, null);
INSERT INTO `espece` VALUES ('782', 'Certhia brachydactyla', 'Grimpereau des jardins', 'Short-toed Treecreeper', 'CERTHIIDAE', 'Certhia', 'A', 'NS', null, null, null);
INSERT INTO `espece` VALUES ('783', 'Remiz pendulinus', 'Rmiz penduline', 'Penduline Tit', 'REMIZIDAE', 'Remiz', 'A', 'NR', 'M', 'H', null);
INSERT INTO `espece` VALUES ('784', 'Anthreptes platurus', 'Souimanga pygme', 'Pygmy Sunbird', 'NECTARINIIDAE', 'Anthreptes', null, null, null, null, null);
INSERT INTO `espece` VALUES ('785', 'Anthreptes metallicus', 'Souimanga du Nil', 'Nile Valley Sunbird', 'NECTARINIIDAE', 'Anthreptes', null, null, null, null, null);
INSERT INTO `espece` VALUES ('786', 'Nectarinia osea', 'Souimanga de Palestine', 'Palestine Sunbird', 'NECTARINIIDAE', 'Nectarinia', null, null, null, null, null);
INSERT INTO `espece` VALUES ('787', 'Oriolus oriolus', 'Loriot d\'Europe', 'Golden Oriole', 'ORIOLIDAE', 'Oriolus', 'A', 'N', 'M', null, null);
INSERT INTO `espece` VALUES ('788', 'Tchagra senegalus', 'Tchagra  tte noire', 'Black-crowned Tchagra', 'LANIIDAE', 'Tchagra', null, null, null, null, null);
INSERT INTO `espece` VALUES ('789', 'Lanius cristatus', 'Pie-griche brune', 'Brown Shrike', 'LANIIDAE', 'Lanius', 'A', null, 'MO', null, null);
INSERT INTO `espece` VALUES ('790', 'Lanius isabellinus', 'Pie-griche isabelle', 'Isabelline Shrike', 'LANIIDAE', 'Lanius', 'A', null, 'MO', null, null);
INSERT INTO `espece` VALUES ('791', 'Lanius collurio', 'Pie-griche corcheur', 'Red-backed Shrike', 'LANIIDAE', 'Lanius', 'A', 'N', 'M', null, null);
INSERT INTO `espece` VALUES ('792', 'Lanius schach', 'Pie-griche schach', 'Long-tailed Shrike', 'LANIIDAE', 'Lanius', null, null, null, null, null);
INSERT INTO `espece` VALUES ('793', 'Lanius minor', 'Pie-griche  poitrine rose', 'Lesser Grey Shrike', 'LANIIDAE', 'Lanius', 'A', 'NR', 'MR', null, null);
INSERT INTO `espece` VALUES ('794', 'Lanius excubitor', 'Pie-griche grise', 'Great Grey Shrike', 'LANIIDAE', 'Lanius', 'A', 'NS', 'M', 'H', null);
INSERT INTO `espece` VALUES ('795', 'Lanius meridionalis', 'Pie-griche mridionale', 'Southern Grey Shrike', 'LANIIDAE', 'Lanius', 'A', 'NS', null, null, null);
INSERT INTO `espece` VALUES ('796', 'Lanius excubitoroides', 'Pie-griche  dos gris', 'Grey-backed Fiscal', 'LANIIDAE', 'Lanius', null, null, null, null, null);
INSERT INTO `espece` VALUES ('797', 'Lanius senator', 'Pie-griche  tte rousse', 'Woodchat Shrike', 'LANIIDAE', 'Lanius', 'A', 'N', 'M', null, null);
INSERT INTO `espece` VALUES ('798', 'Lanius nubicus', 'Pie-griche masque', 'Masked Shrike', 'LANIIDAE', 'Lanius', 'A', null, 'MO', null, null);
INSERT INTO `espece` VALUES ('799', 'Garrulus glandarius', 'Geai des chnes', 'Eurasian Jay', 'CORVIDAE', 'Garrulus', 'A', 'NS', 'M', 'H', null);
INSERT INTO `espece` VALUES ('800', 'Perisoreus infaustus', 'Msangeai imitateur', 'Siberian Jay', 'CORVIDAE', 'Perisoreus', null, null, null, null, null);
INSERT INTO `espece` VALUES ('801', 'Cyanopica cyanus', 'Pie bleue', 'Azure-winged Magpie', 'CORVIDAE', 'Cyanopica', 'E', null, null, null, null);
INSERT INTO `espece` VALUES ('802', 'Pica pica', 'Pie bavarde', 'Magpie', 'CORVIDAE', 'Pica', 'A', 'NS', null, null, null);
INSERT INTO `espece` VALUES ('803', 'Nucifraga caryocatactes', 'Cassenoix mouchet', 'Nutcracker', 'CORVIDAE', 'Nucifraga', 'A', 'NS', 'MR', null, null);
INSERT INTO `espece` VALUES ('804', 'Pyrrhocorax graculus', 'Chocard  bec jaune', 'Yellow-billed Chough', 'CORVIDAE', 'Pyrrhocorax', 'A', 'NS', null, null, null);
INSERT INTO `espece` VALUES ('805', 'Pyrrhocorax pyrrhocorax', 'Crave  bec rouge', 'Red-billed Chough', 'CORVIDAE', 'Pyrrhocorax', 'A', 'NS', null, null, null);
INSERT INTO `espece` VALUES ('806', 'Corvus monedula', 'Choucas des tours', 'Western Jackdaw', 'CORVIDAE', 'Corvus', 'A', 'NS', 'M', 'H', null);
INSERT INTO `espece` VALUES ('807', 'Corvus dauuricus', 'Choucas de Daourie', 'Daurian Jackdaw', 'CORVIDAE', 'Corvus', 'A', null, 'MO', null, null);
INSERT INTO `espece` VALUES ('808', 'Corvus splendens', 'Corbeau familier', 'House Crow', 'CORVIDAE', 'Corvus', 'D', null, 'MO', null, null);
INSERT INTO `espece` VALUES ('809', 'Corvus frugilegus', 'Corbeau freux', 'Rook', 'CORVIDAE', 'Corvus', 'A', 'NS', 'M', 'H', null);
INSERT INTO `espece` VALUES ('810', 'Corvus corone', 'Corneille noire', 'Carrion Crow', 'CORVIDAE', 'Corvus', 'A', 'NS', null, 'H', null);
INSERT INTO `espece` VALUES ('811', 'Corvus cornix', 'Corneille mantele', 'Hooded Crow', 'CORVIDAE', 'Corvus', 'A', 'NS', 'MR', 'HR', null);
INSERT INTO `espece` VALUES ('812', 'Corvus albus', 'Corbeau pie', 'Pied Crow', 'CORVIDAE', 'Corvus', null, null, null, null, null);
INSERT INTO `espece` VALUES ('813', 'Corvus ruficollis', 'Corbeau brun', 'Brown-necked Raven', 'CORVIDAE', 'Corvus', null, null, null, null, null);
INSERT INTO `espece` VALUES ('814', 'Corvus corax', 'Grand Corbeau', 'Common Raven', 'CORVIDAE', 'Corvus', 'A', 'NS', 'MO', null, null);
INSERT INTO `espece` VALUES ('815', 'Corvus rhipidurus', 'Corbeau  queue courte', 'Fan-tailed Raven', 'CORVIDAE', 'Corvus', null, null, null, null, null);
INSERT INTO `espece` VALUES ('816', 'Onychognathus tristramii', 'Rufipenne de Tristram', 'Tristram\'s Starling', 'STURNIDAE', 'Onychognathus', null, null, null, null, null);
INSERT INTO `espece` VALUES ('817', 'Sturnus sturninus', 'Etourneau de Daourie', 'Daurian Starling', 'STURNIDAE', 'Sturnus', null, null, null, null, null);
INSERT INTO `espece` VALUES ('818', 'Sturnus vulgaris', 'Etourneau sansonnet', 'Common Starling', 'STURNIDAE', 'Sturnus', 'A', 'NS', 'M', 'H', null);
INSERT INTO `espece` VALUES ('819', 'Sturnus unicolor', 'Etourneau unicolore', 'Spotless Starling', 'STURNIDAE', 'Sturnus', 'A', 'NS', 'MR', 'HR', null);
INSERT INTO `espece` VALUES ('820', 'Sturnus roseus', 'Etourneau roselin', 'Rosy-coloured Starling', 'STURNIDAE', 'Sturnus', 'A', null, 'MR', 'HO', null);
INSERT INTO `espece` VALUES ('821', 'Sturnus burmannicus', 'Etourneau vineux', 'Vinous-breasted Starling', 'STURNIDAE', 'Sturnus', null, null, null, null, null);
INSERT INTO `espece` VALUES ('822', 'Acridotheres tristis', 'Martin triste', 'Common Myna', 'STURNIDAE', 'Acridotheres', 'E', 'NO', null, null, null);
INSERT INTO `espece` VALUES ('823', 'Acridotheres ginginianus', 'Martin des berges', 'Bank Myna', 'STURNIDAE', 'Acridotheres', null, null, null, null, null);
INSERT INTO `espece` VALUES ('824', 'Passer domesticus', 'Moineau domestique', 'House Sparrow', 'PASSERIDAE', 'Passer', 'A', 'NS', 'M', 'H', null);
INSERT INTO `espece` VALUES ('825', 'Passer hispaniolensis', 'Moineau espagnol', 'Spanish Sparrow', 'PASSERIDAE', 'Passer', 'A', 'NO', 'MO', 'HO', null);
INSERT INTO `espece` VALUES ('826', 'Passer moabiticus', 'Moineau de la mer Morte', 'Dead Sea Sparrow', 'PASSERIDAE', 'Passer', null, null, null, null, null);
INSERT INTO `espece` VALUES ('827', 'Passer iagoensis', 'Moineau  dos roux', 'Cape Verde Sparrow', 'PASSERIDAE', 'Passer', null, null, null, null, null);
INSERT INTO `espece` VALUES ('828', 'Passer simplex', 'Moineau blanc', 'Desert Sparrow', 'PASSERIDAE', 'Passer', null, null, null, null, null);
INSERT INTO `espece` VALUES ('829', 'Passer montanus', 'Moineau friquet', 'Tree Sparrow', 'PASSERIDAE', 'Passer', 'A', 'N', 'M', 'H', null);
INSERT INTO `espece` VALUES ('830', 'Passer luteus', 'Moineau dor', 'Golden Sparrow', 'PASSERIDAE', 'Passer', 'E', null, null, null, null);
INSERT INTO `espece` VALUES ('831', 'Petronia brachydactyla', 'Moineau ple', 'Pale Rock Sparrow', 'PASSERIDAE', 'Petronia', null, null, null, null, null);
INSERT INTO `espece` VALUES ('832', 'Petronia xanthocollis', 'Moineau  gorge jaune', 'Yellow-throated Sparrow', 'PASSERIDAE', 'Petronia', null, null, null, null, null);
INSERT INTO `espece` VALUES ('833', 'Petronia petronia', 'Moineau soulcie', 'Rock Sparrow', 'PASSERIDAE', 'Petronia', 'A', 'NS', 'MR', null, null);
INSERT INTO `espece` VALUES ('834', 'Montifringilla nivalis', 'Niverolle alpine', 'Snowfinch', 'PASSERIDAE', 'Montifringilla', 'A', 'NS', 'MR', null, null);
INSERT INTO `espece` VALUES ('835', 'Ploceus manyar', 'Tisserin manyar', 'Streaked Weaver', 'PLOCEIDAE', 'Ploceus', null, null, null, null, null);
INSERT INTO `espece` VALUES ('836', 'Lagonosticta senegala', 'Amarante du Sngal', 'Red-billed Firefinch', 'ESTRILDIDAE', 'Lagonosticta', null, null, null, null, null);
INSERT INTO `espece` VALUES ('837', 'Estrilda astrild', 'Astrild ondul', 'Common Waxbill', 'ESTRILDIDAE', 'Estrilda', 'E', 'NO', null, null, null);
INSERT INTO `espece` VALUES ('838', 'Amandava amandava', 'Bengali rouge', 'Avadavat', 'ESTRILDIDAE', 'Amandava', 'E', 'NO', null, null, null);
INSERT INTO `espece` VALUES ('839', 'Euodice malabarica', 'Capucin bec-de-plomb', 'Indian Silverbill', 'ESTRILDIDAE', 'Euodice', 'C', 'NS', null, null, null);
INSERT INTO `espece` VALUES ('840', 'Euodice cantans', 'Capucin bec-d\'argent', 'African Silverbill', 'ESTRILDIDAE', 'Euodice', 'E', 'NSR', null, null, null);
INSERT INTO `espece` VALUES ('841', 'Vireo flavifrons', 'Viro  gorge jaune', 'Yellow-throated Vireo', 'VIREONIDAE', 'Vireo', null, null, null, null, null);
INSERT INTO `espece` VALUES ('842', 'Vireo philadelphicus', 'Viro de Philadelphie', 'Philadelphia Vireo', 'VIREONIDAE', 'Vireo', null, null, null, null, null);
INSERT INTO `espece` VALUES ('843', 'Vireo olivaceus', 'Viro  il rouge', 'Red-eyed Vireo', 'VIREONIDAE', 'Vireo', 'A', null, 'MO', null, null);
INSERT INTO `espece` VALUES ('844', 'Fringilla coelebs', 'Pinson des arbres', 'Common Chaffinch', 'FRINGILLIDAE', 'Fringilla', 'A', 'NS', 'M', 'H', null);
INSERT INTO `espece` VALUES ('845', 'Fringilla teydea', 'Pinson bleu', 'Blue Chaffinch', 'FRINGILLIDAE', 'Fringilla', null, null, null, null, null);
INSERT INTO `espece` VALUES ('846', 'Fringilla montifringilla', 'Pinson du Nord', 'Brambling', 'FRINGILLIDAE', 'Fringilla', 'A', null, 'M', 'H', null);
INSERT INTO `espece` VALUES ('847', 'Serinus pusillus', 'Serin  front rouge', 'Red-fronted Serin', 'FRINGILLIDAE', 'Serinus', null, null, null, null, null);
INSERT INTO `espece` VALUES ('848', 'Serinus serinus', 'Serin cini', 'European Serin', 'FRINGILLIDAE', 'Serinus', 'A', 'N', 'M', 'H', null);
INSERT INTO `espece` VALUES ('849', 'Serinus syriacus', 'Serin syriaque', 'Syrian Serin', 'FRINGILLIDAE', 'Serinus', null, null, null, null, null);
INSERT INTO `espece` VALUES ('850', 'Serinus canaria', 'Serin des Canaries', 'Canary', 'FRINGILLIDAE', 'Serinus', null, null, null, null, null);
INSERT INTO `espece` VALUES ('851', 'Serinus citrinella', 'Venturon montagnard', 'Citril Finch', 'FRINGILLIDAE', 'Serinus', 'A', 'NS', 'M', 'H', null);
INSERT INTO `espece` VALUES ('852', 'Serinus corsicanus', 'Venturon corse', 'Corsican Finch', 'FRINGILLIDAE', 'Serinus', 'A', 'NS', null, null, null);
INSERT INTO `espece` VALUES ('853', 'Carduelis chloris', 'Verdier d\'Europe', 'Greenfinch', 'FRINGILLIDAE', 'Carduelis', 'A', 'NS', 'M', 'H', null);
INSERT INTO `espece` VALUES ('854', 'Carduelis carduelis', 'Chardonneret lgant', 'Goldfinch', 'FRINGILLIDAE', 'Carduelis', 'A', 'NS', 'M', 'H', null);
INSERT INTO `espece` VALUES ('855', 'Carduelis spinus', 'Tarin des aulnes', 'Siskin', 'FRINGILLIDAE', 'Carduelis', 'A', 'N', 'M', 'H', null);
INSERT INTO `espece` VALUES ('856', 'Carduelis cannabina', 'Linotte mlodieuse', 'Linnet', 'FRINGILLIDAE', 'Carduelis', 'A', 'N', 'M', 'H', null);
INSERT INTO `espece` VALUES ('857', 'Carduelis flavirostris', 'Linotte  bec jaune', 'Twite', 'FRINGILLIDAE', 'Carduelis', 'A', null, 'MR', 'HR', null);
INSERT INTO `espece` VALUES ('858', 'Carduelis flammea', 'Sizerin flamm', 'Common Redpoll', 'FRINGILLIDAE', 'Carduelis', 'A', 'N', 'M', 'H', null);
INSERT INTO `espece` VALUES ('859', 'Carduelis hornemanni', 'Sizerin blanchtre', 'Arctic Redpoll', 'FRINGILLIDAE', 'Carduelis', 'A', null, 'MO', null, null);
INSERT INTO `espece` VALUES ('860', 'Loxia leucoptera', 'Bec-crois bifasci', 'Two-barred Crossbill', 'FRINGILLIDAE', 'Loxia', 'A', null, 'MO', 'HO', null);
INSERT INTO `espece` VALUES ('861', 'Loxia curvirostra', 'Bec-crois des sapins', 'Common Crossbill', 'FRINGILLIDAE', 'Loxia', 'A', 'NS', 'M', 'H', null);
INSERT INTO `espece` VALUES ('862', 'Loxia scotica', 'Bec-crois d\'Ecosse', 'Scottish Crossbill', 'FRINGILLIDAE', 'Loxia', null, null, null, null, null);
INSERT INTO `espece` VALUES ('863', 'Loxia pytyopsittacus', 'Bec-crois perroquet', 'Parrot Crossbill', 'FRINGILLIDAE', 'Loxia', 'A', null, 'MO', 'HO', null);
INSERT INTO `espece` VALUES ('864', 'Rhodopechys sanguineus', 'Roselin  ailes roses', 'Crimson-winged Finch', 'FRINGILLIDAE', 'Rhodopechys', null, null, null, null, null);
INSERT INTO `espece` VALUES ('865', 'Rhodospiza obsoleta', 'Roselin de Lichtenstein', 'Desert Finch', 'FRINGILLIDAE', 'Rhodospiza', 'D', null, null, null, null);
INSERT INTO `espece` VALUES ('866', 'Bucanetes mongolicus', 'Roselin de Mongolie', 'Mongolian Finch', 'FRINGILLIDAE', 'Bucanetes', null, null, null, null, null);
INSERT INTO `espece` VALUES ('867', 'Bucanetes githagineus', 'Roselin githagine', 'Trompeter Finch', 'FRINGILLIDAE', 'Bucanetes', 'A', null, 'MO', null, null);
INSERT INTO `espece` VALUES ('868', 'Carpodacus erythrinus', 'Roselin cramoisi', 'Common Rosefinch', 'FRINGILLIDAE', 'Carpodacus', 'A', 'NO', 'MR', null, null);
INSERT INTO `espece` VALUES ('869', 'Carpodacus synoicus', 'Roselin du Sina', 'Sinai Rosefinch', 'FRINGILLIDAE', 'Carpodacus', null, null, null, null, null);
INSERT INTO `espece` VALUES ('870', 'Carpodacus roseus', 'Roselin rose', 'Pallas\'s Rosefinch', 'FRINGILLIDAE', 'Carpodacus', 'E', null, null, null, null);
INSERT INTO `espece` VALUES ('871', 'Carpodacus rubicilla', 'Roselin tachet', 'Great Rosefinch', 'FRINGILLIDAE', 'Carpodacus', null, null, null, null, null);
INSERT INTO `espece` VALUES ('872', 'Pinicola enucleator', 'Durbec des sapins', 'Pine Grosbeak', 'FRINGILLIDAE', 'Pinicola', 'A', null, 'MO', null, null);
INSERT INTO `espece` VALUES ('873', 'Uragus sibiricus', 'Roselin  longue queue', 'Long-tailed Rosefinch', 'FRINGILLIDAE', 'Uragus', 'E', null, null, null, null);
INSERT INTO `espece` VALUES ('874', 'Pyrrhula pyrrhula', 'Bouvreuil pivoine', 'Bullfinch', 'FRINGILLIDAE', 'Pyrrhula', 'A', 'NS', 'M', 'H', null);
INSERT INTO `espece` VALUES ('875', 'Pyrrhula murina', 'Bouvreuil des Azores', 'Azores Bullfinch', 'FRINGILLIDAE', 'Pyrrhula', null, null, null, null, null);
INSERT INTO `espece` VALUES ('876', 'Coccothraustes coccothraustes', 'Grosbec casse-noyaux', 'Hawfinch', 'FRINGILLIDAE', 'Coccothraustes', 'A', 'NS', 'M', 'H', null);
INSERT INTO `espece` VALUES ('877', 'Hesperiphona vespertina', 'Grosbec errant', 'Evening Grosbeak', 'FRINGILLIDAE', 'Hesperiphona', null, null, null, null, null);
INSERT INTO `espece` VALUES ('878', 'Mniotilta varia', 'Paruline noir et blanc', 'Black-and-white Warbler', 'PARULIDAE', 'Mniotilta', null, null, null, null, null);
INSERT INTO `espece` VALUES ('879', 'Vermivora chrysoptera', 'Paruline  ailes dores', 'Golden-winged Warbler', 'PARULIDAE', 'Vermivora', null, null, null, null, null);
INSERT INTO `espece` VALUES ('880', 'Vermivora pinus', 'Paruline  ailes bleues', 'Blue-winged Warbler', 'PARULIDAE', 'Vermivora', null, null, null, null, null);
INSERT INTO `espece` VALUES ('881', 'Vermivora peregrina', 'Paruline obscure', 'Tennessee Warbler', 'PARULIDAE', 'Vermivora', 'A', null, 'MO', null, null);
INSERT INTO `espece` VALUES ('882', 'Parula americana', 'Paruline  collier', 'Northern Parula', 'PARULIDAE', 'Parula', 'A', null, 'MO', null, null);
INSERT INTO `espece` VALUES ('883', 'Dendroica petechia', 'Paruline jaune', 'Yellow Warbler', 'PARULIDAE', 'Dendroica', null, null, null, null, null);
INSERT INTO `espece` VALUES ('884', 'Dendroica pensylvanica', 'Paruline  flancs marron', 'Chestnut-sided Warbler', 'PARULIDAE', 'Dendroica', null, null, null, null, null);
INSERT INTO `espece` VALUES ('885', 'Dendroica cerulea', 'Paruline azure', 'Cerulean Warbler', 'PARULIDAE', 'Dendroica', null, null, null, null, null);
INSERT INTO `espece` VALUES ('886', 'Dendroica caerulescens', 'Paruline bleue', 'Black-throated Blue Warbler', 'PARULIDAE', 'Dendroica', null, null, null, null, null);
INSERT INTO `espece` VALUES ('887', 'Dendroica virens', 'Paruline  gorge noire', 'Black-throated Green Warbler', 'PARULIDAE', 'Dendroica', null, null, null, null, null);
INSERT INTO `espece` VALUES ('888', 'Dendroica fusca', 'Paruline  gorge orange', 'Blackburnian Warbler', 'PARULIDAE', 'Dendroica', null, null, null, null, null);
INSERT INTO `espece` VALUES ('889', 'Dendroica tigrina', 'Paruline tigre', 'Cape May Warbler', 'PARULIDAE', 'Dendroica', null, null, null, null, null);
INSERT INTO `espece` VALUES ('890', 'Dendroica magnolia', 'Paruline  tte cendre', 'Magnolia Warbler', 'PARULIDAE', 'Dendroica', null, null, null, null, null);
INSERT INTO `espece` VALUES ('891', 'Dendroica coronata', 'Paruline  croupion jaune', 'Yellow-rumped Warbler', 'PARULIDAE', 'Dendroica', null, null, null, null, null);
INSERT INTO `espece` VALUES ('892', 'Dendroica palmarum', 'Paruline  couronne rousse', 'Palm Warbler', 'PARULIDAE', 'Dendroica', null, null, null, null, null);
INSERT INTO `espece` VALUES ('893', 'Dendroica striata', 'Paruline raye', 'Blackpoll Warbler', 'PARULIDAE', 'Dendroica', 'A', null, 'MO', null, null);
INSERT INTO `espece` VALUES ('894', 'Dendroica castanea', 'Paruline  poitrine baie', 'Bay-breasted Warbler', 'PARULIDAE', 'Dendroica', null, null, null, null, null);
INSERT INTO `espece` VALUES ('895', 'Setophaga ruticilla', 'Paruline flamboyante', 'American Redstart', 'PARULIDAE', 'Setophaga', 'A', null, 'MO', null, null);
INSERT INTO `espece` VALUES ('896', 'Seiurus aurocapilla', 'Paruline couronne', 'Ovenbird', 'PARULIDAE', 'Seiurus', null, null, null, null, null);
INSERT INTO `espece` VALUES ('897', 'Seiurus noveboracensis', 'Paruline des ruisseaux', 'Northern Waterthrush', 'PARULIDAE', 'Seiurus', 'A', null, 'MO', null, null);
INSERT INTO `espece` VALUES ('898', 'Seiurus motacilla', 'Paruline hochequeue', 'Louisiana Warbler', 'PARULIDAE', 'Seiurus', null, null, null, null, null);
INSERT INTO `espece` VALUES ('899', 'Geothlypis trichas', 'Paruline masque', 'Common Yellowthroat', 'PARULIDAE', 'Geothlypis', null, null, null, null, null);
INSERT INTO `espece` VALUES ('900', 'Wilsonia citrina', 'Paruline  capuchon', 'Hooded Warbler', 'PARULIDAE', 'Wilsonia', null, null, null, null, null);
INSERT INTO `espece` VALUES ('901', 'Wilsonia pusilla', 'Paruline  calotte noire', 'Wilson\'s Warbler', 'PARULIDAE', 'Wilsonia', null, null, null, null, null);
INSERT INTO `espece` VALUES ('902', 'Wilsonia canadensis', 'Paruline du Canada', 'Canada Warbler', 'PARULIDAE', 'Wilsonia', null, null, null, null, null);
INSERT INTO `espece` VALUES ('903', 'Piranga rubra', 'Tangara vermillon', 'Summer Tanager', 'THRAUPIDAE', 'Piranga', null, null, null, null, null);
INSERT INTO `espece` VALUES ('904', 'Piranga olivacea', 'Tangara carlate', 'Scarlet Tanager', 'THRAUPIDAE', 'Piranga', 'A', null, 'MO', null, null);
INSERT INTO `espece` VALUES ('905', 'Pipilo erythrophtalmus', 'Tohi  flancs roux', 'Eastern Towhee', 'EMBERIZIDAE', 'Pipilo', null, null, null, null, null);
INSERT INTO `espece` VALUES ('906', 'Chondestes grammacus', 'Bruant  joues marron', 'Lark Sparrow', 'EMBERIZIDAE', 'Chondestes', null, null, null, null, null);
INSERT INTO `espece` VALUES ('907', 'Passerculus sandwichensis', 'Bruant des prs', 'Savannah Sparrow', 'EMBERIZIDAE', 'Passerculus', null, null, null, null, null);
INSERT INTO `espece` VALUES ('908', 'Passerella iliaca', 'Bruant fauve', 'Fox Sparrow', 'EMBERIZIDAE', 'Passerella', null, null, null, null, null);
INSERT INTO `espece` VALUES ('909', 'Melospiza melodia', 'Bruant chanteur', 'Song Sparrow', 'EMBERIZIDAE', 'Melospiza', null, null, null, null, null);
INSERT INTO `espece` VALUES ('910', 'Zonotrichia leucophrys', 'Bruant  couronne blanche', 'White-crowned Sparrow', 'EMBERIZIDAE', 'Zonotrichia', 'A', null, 'MO', null, null);
INSERT INTO `espece` VALUES ('911', 'Zonotrichia albicollis', 'Bruant  gorge blanche', 'White-throated Sparrow', 'EMBERIZIDAE', 'Zonotrichia', null, null, null, null, null);
INSERT INTO `espece` VALUES ('912', 'Junco hyemalis', 'Junco ardois', 'Dark-eyed Junco', 'EMBERIZIDAE', 'Junco', null, null, null, null, null);
INSERT INTO `espece` VALUES ('913', 'Calcarius lapponicus', 'Bruant lapon', 'Lapland Bunting', 'EMBERIZIDAE', 'Calcarius', 'A', null, 'M', 'H', null);
INSERT INTO `espece` VALUES ('914', 'Plectrophenax nivalis', 'Bruant des neiges', 'Snow Bunting', 'EMBERIZIDAE', 'Plectrophenax', 'A', null, 'M', 'H', null);
INSERT INTO `espece` VALUES ('915', 'Emberiza spodocephala', 'Bruant masqu', 'Black-faced Bunting', 'EMBERIZIDAE', 'Emberiza', null, null, null, null, null);
INSERT INTO `espece` VALUES ('916', 'Emberiza leucocephalos', 'Bruant  calotte blanche', 'Pine Bunting', 'EMBERIZIDAE', 'Emberiza', 'A', null, 'MR', 'HR', null);
INSERT INTO `espece` VALUES ('917', 'Emberiza citrinella', 'Bruant jaune', 'Yellowhammer', 'EMBERIZIDAE', 'Emberiza', 'A', 'NS', 'M', 'H', null);
INSERT INTO `espece` VALUES ('918', 'Emberiza cirlus', 'Bruant zizi', 'Cirl Bunting', 'EMBERIZIDAE', 'Emberiza', 'A', 'NS', 'M', null, null);
INSERT INTO `espece` VALUES ('919', 'Emberiza cia', 'Bruant fou', 'Rock Bunting', 'EMBERIZIDAE', 'Emberiza', 'A', 'NS', 'MR', null, null);
INSERT INTO `espece` VALUES ('920', 'Emberiza striolata', 'Bruant striol', 'Striolated Bunting', 'EMBERIZIDAE', 'Emberiza', null, null, null, null, null);
INSERT INTO `espece` VALUES ('921', 'Emberiza sahari', 'Bruant du Sahara', 'House Bunting', 'EMBERIZIDAE', 'Emberiza', null, null, null, null, null);
INSERT INTO `espece` VALUES ('922', 'Emberiza cineracea', 'Bruant cendr', 'Cinereous Bunting', 'EMBERIZIDAE', 'Emberiza', null, null, null, null, null);
INSERT INTO `espece` VALUES ('923', 'Emberiza hortulana', 'Bruant ortolan', 'Ortolan Bunting', 'EMBERIZIDAE', 'Emberiza', 'A', 'N', 'M', null, null);
INSERT INTO `espece` VALUES ('924', 'Emberiza buchanani', 'Bruant  cou gris', 'Grey-necked Bunting', 'EMBERIZIDAE', 'Emberiza', null, null, null, null, null);
INSERT INTO `espece` VALUES ('925', 'Emberiza caesia', 'Bruant cendrillard', 'Cretzschmar\'s Bunting', 'EMBERIZIDAE', 'Emberiza', 'B', null, 'MO', null, null);
INSERT INTO `espece` VALUES ('926', 'Emberiza chrysophrys', 'Bruant  sourcils jaunes', 'Yellow-browed Bunting', 'EMBERIZIDAE', 'Emberiza', 'B', null, 'MO', null, null);
INSERT INTO `espece` VALUES ('927', 'Emberiza rustica', 'Bruant rustique', 'Rustic Bunting', 'EMBERIZIDAE', 'Emberiza', 'A', null, 'MO', null, null);
INSERT INTO `espece` VALUES ('928', 'Emberiza fucata', 'Bruant  oreillons', 'Chestnut-eared Bunting', 'EMBERIZIDAE', 'Emberiza', null, null, null, null, null);
INSERT INTO `espece` VALUES ('929', 'Emberiza pusilla', 'Bruant nain', 'Little Bunting', 'EMBERIZIDAE', 'Emberiza', 'A', null, 'MO', 'HO', null);
INSERT INTO `espece` VALUES ('930', 'Emberiza rutila', 'Bruant roux', 'Chestnut Bunting', 'EMBERIZIDAE', 'Emberiza', 'D', null, 'MO', null, null);
INSERT INTO `espece` VALUES ('931', 'Emberiza aureola', 'Bruant aurole', 'Yellow-breasted Bunting', 'EMBERIZIDAE', 'Emberiza', 'A', null, 'MO', null, null);
INSERT INTO `espece` VALUES ('932', 'Emberiza schoeniclus', 'Bruant des roseaux', 'Reed Bunting', 'EMBERIZIDAE', 'Emberiza', 'A', 'N', 'M', 'H', null);
INSERT INTO `espece` VALUES ('933', 'Emberiza pallasi', 'Bruant de Pallas', 'Pallas\'s Bunting', 'EMBERIZIDAE', 'Emberiza', null, null, null, null, null);
INSERT INTO `espece` VALUES ('934', 'Emberiza bruniceps', 'Bruant  tte rousse', 'Red-headed Bunting', 'EMBERIZIDAE', 'Emberiza', 'A', null, 'MO', null, null);
INSERT INTO `espece` VALUES ('935', 'Emberiza melanocephala', 'Bruant mlanocphale', 'Black-headed Bunting', 'EMBERIZIDAE', 'Emberiza', 'A', 'NO', 'MO', null, null);
INSERT INTO `espece` VALUES ('936', 'Emberiza calandra', 'Bruant proyer', 'Corn Bunting', 'EMBERIZIDAE', 'Emberiza', 'A', 'NS', 'M', 'H', null);
INSERT INTO `espece` VALUES ('937', 'Spiza americana', 'Dickcissel d\'Amrique', 'Dickcissel', 'EMBERIZIDAE', 'Spiza', null, null, null, null, null);
INSERT INTO `espece` VALUES ('938', 'Pheucticus ludovicianus', 'Cardinal  poitrine rose', 'Rose-breasted Grosbeak', 'EMBERIZIDAE', 'Pheucticus', 'A', null, 'MO', null, null);
INSERT INTO `espece` VALUES ('939', 'Passerina cyanea', 'Passerin indigo', 'Indigo Bunting', 'EMBERIZIDAE', 'Passerina', null, null, null, null, null);
INSERT INTO `espece` VALUES ('940', 'Dolichonyx oryzivorus', 'Goglu des prs', 'Bobolink', 'ICTERIDAE', 'Dolichonyx', 'A', null, 'MO', null, null);
INSERT INTO `espece` VALUES ('941', 'Molothrus ater', 'Vacher  tte brune', 'Brown-headed Cowbird', 'ICTERIDAE', 'Molothrus', null, null, null, null, null);
INSERT INTO `espece` VALUES ('942', 'Xanthocephalus xanthocephalus', 'Carouge  tte jaune', 'Yellow-headed Blackbird', 'ICTERIDAE', 'Xanthocephalus', 'D', null, 'MO', null, null);
INSERT INTO `espece` VALUES ('943', 'Icterus galbula', 'Oriole de Baltimore', 'Baltimore Oriole', 'ICTERIDAE', 'Icterus', null, null, null, null, null);
INSERT INTO `lieu` VALUES ('1', 'FR', '44', 'SAINT-HERBLAIN', 'L\'ANGEVINIERE');
INSERT INTO `lieu` VALUES ('2', 'FR', '35', 'SAINT-JUST', 'LA FORGERAIE');
INSERT INTO `lieu` VALUES ('3', 'FR', '35', 'SAINT-JUST', 'LANDE DE COJOUX');
INSERT INTO `personne` VALUES ('1', 'RL', 'LORRILLIERE', 'ROMAIN', 'romainlorrilliere@yahoo.fr', '681709070', '1');
INSERT INTO `personne` VALUES ('2', 'SB', 'BOULIGAND', 'SANDRINE', 'sandrinebouligand@yahoo.fr', '681072027', '0');
INSERT INTO `programme` VALUES ('1', 'MANGEOIRE', '1', 'LORRILLIERE Romain');
INSERT INTO `programme` VALUES ('2', 'SPOL', '2', 'LORRILLIERE Romain');
INSERT INTO `programme` VALUES ('3', 'STOC', '3', 'LORRILLIERE Romain');
INSERT INTO `session` VALUES ('1', '2007-10-13 00:00:00', 'FR', '2', '1899-12-30 07:00:00', '1899-12-30 15:00:00', '38', 'BRUME');
INSERT INTO `session` VALUES ('2', '2007-10-21 00:00:00', 'FR', '1', '1899-12-30 07:00:00', '1899-12-30 12:00:00', '17', 'CLAIRE');
INSERT INTO `session` VALUES ('3', '2007-11-03 00:00:00', 'FR', '1', '1899-12-30 07:00:00', '1899-12-30 12:00:00', '17', null);
INSERT INTO `session` VALUES ('4', '2007-11-24 00:00:00', 'FR', '1', '1899-12-30 07:00:00', '1899-12-30 12:00:00', '17', 'CLAIRE');
INSERT INTO `session` VALUES ('5', '2007-12-16 00:00:00', 'FR', '1', '1899-12-30 10:30:00', '1899-12-30 16:00:00', '17', 'CLAIRE');
INSERT INTO `session` VALUES ('6', '2007-12-31 00:00:00', 'FR', '1', '1899-12-30 08:30:00', '1899-12-30 12:00:00', '17', 'CLAIRE');
INSERT INTO `session` VALUES ('7', '2008-01-12 00:00:00', 'FR', '1', '1899-12-30 08:30:00', '1899-12-30 12:00:00', '17', 'CLAIRE');
INSERT INTO `session` VALUES ('8', '2008-01-25 00:00:00', 'FR', '1', '1899-12-30 08:00:00', '1899-12-30 12:00:00', '17', 'CLAIRE');
